etablissement,nom,commune,departement,n,n_marques,n_halal,ecart_median,sel_median,marque_dominante,part_dominante_pct,n_sans_dominante,ecart_sans_dominante,nom_ambigu
fr-29-046-500,non apparie au registre,,29,14,6,0,-16.5,1.0,connetable,28.6,10,-16.5,False
fr-29-046-514,non apparie au registre,,29,20,9,0,-16.0,1.0,petit-navire,40.0,12,-16.0,False
fr-56-186-004,non apparie au registre,,56,11,1,0,-15.0,1.0,la-belle-iloise,100.0,0,,False
fr-84-080-002,LOUIS MARTIN PRODUCTION,MONTEUX,84,21,12,0,-15.0,0.88,carrefour,14.3,18,-14.0,False
fr-14-738-042,CAP OCEAN,VERSON,14,13,6,0,-14.0,1.15,cap-ocean,38.5,8,,False
fr-14-762-106,ALLIANCE DES VIANDES DE FRANCE,VIRE NORMANDIE,14,14,5,0,-13.0,0.15,l-etal-du-boucher,64.3,5,,False
fr-84-029-002,"CONSERVERIES PROVENCALES "" CABANON""",CAMARET-SUR-AIGUES,84,21,7,0,-12.0,1.0,carrefour,47.6,11,-11.0,False
fr-53-097-001,SOCOPA VIANDES,EVRON,53,42,4,0,-12.0,0.15,l-etal-du-boucher,66.7,14,3.5,False
fr-65-452-001,CHARCUTERIE ADER,TRIE-SUR-BAISE,65,15,3,0,-9.0,0.33,inconnue,73.3,4,,False
fr-21-231-005,LES SALAISONS DIJON.A.SABATIER,DIJON,21,19,10,0,-8.0,1.5,antoine-sabatier,26.3,14,-8.0,False
fr-43-211-010,SOUCHON D'AUVERGNE,SAINT-MAURICE-DE-LIGNON,43,36,12,0,-7.0,4.6,saint-agaune,41.7,21,-7.0,False
fr-29-039-512,non apparie au registre,,29,15,4,0,-7.0,1.0,les-mouettes-d-arvor,66.7,5,,False
fr-22-182-005,LES DELICES DE LA MER,PLELO,22,11,7,1,-7.0,1.0,inconnue,36.4,7,,False
fr-43-268-017,ETABLISSEMENTS MANET FRERES - MARCEL DELABRE - MA TRE CHARCUTIER,YSSINGEAUX,43,10,3,0,-7.0,3.0,inconnue,50.0,5,,False
fr-59-597-001,SOCIETE D'INNOVATION CULINAIRE,TILLOY-LEZ-CAMBRAI,59,50,5,0,-7.0,1.4,fleury-michon,84.0,8,,False
fr-67-127-001,BRUNO SIEBERT,ERGERSHEIM,67,22,7,0,-6.5,0.1,inconnue,40.9,13,-6.0,False
fr-80-799-001,LES SALAISONS DU TERROIR,VILLERS-BRETONNEUX,80,53,8,0,-6.0,1.5,inconnue,77.4,12,-4.5,False
fr-56-069-005,GROIX ET NATURE,GROIX,56,19,7,0,-6.0,0.9,groix-nature,63.2,7,,False
fr-19-031-008,SO'HAM SUD-OUEST,BRIVE-LA-GAILLARDE,19,45,8,0,-6.0,1.8,carrefour,64.4,16,-13.0,False
fr-21-464-002,AU JAMBON DE BOURGOGNE,NUITS-SAINT-GEORGES,21,10,5,0,-6.0,1.51,inconnue,50.0,5,,False
fr-02-514-001,BABYNOV,MONTIGNY-LENGRAIN,2,10,5,0,-5.5,0.07,carrefour,60.0,4,,False
fr-10-362-003,SAVIEL FRANCE,SAINTE-SAVINE,10,13,4,0,-5.0,0.4,jean-roze,53.8,6,,False
fr-85-182-003,FLEURY MICHON CHARCUTERIE / FLEURY MICHON LS,POUZAUGES,85,255,5,0,-5.0,1.8,fleury-michon,97.6,6,,True
fr-35-238-019,MAITRE JACQUES,RENNES,35,58,3,0,-5.0,1.47,maitre-jacques,60.3,23,-13.0,False
fr-21-295-001,SOCIETE ROUX ET COMPAGNIE,GEVREY-CHAMBERTIN,21,11,5,0,-4.0,2.0,ets-roux,45.5,6,,False
fr-67-218-001,HERTA,ILLKIRCH-GRAFFENSTADEN,67,101,2,0,-4.0,1.8,herta,78.2,22,-7.0,False
fr-05-092-001,EURL ROSTAIN / ROSTAIN,NEFFES,5,20,4,0,-4.0,1.8,rostain,75.0,5,,True
fr-85-164-001,GASTROMER,NOTRE-DAME-DE-MONTS,85,11,5,0,-4.0,1.2,gastromer,36.4,7,,False
fr-44-079-002,non apparie au registre,,44,19,8,0,-4.0,1.2,conserverie-des-saveurs,36.8,12,-4.0,False
fr-69-028-001,LES SAVEURS LYONNAISES,BRINDAS,69,25,5,0,-4.0,1.48,les-delices-de-lyon,60.0,10,-5.0,False
fr-87-065-001,COMPAGNIE MADRANGE,FEYTIAT,87,202,30,0,-4.0,1.9,madrange,44.6,112,-4.0,False
fr-33-038-007,non apparie au registre,,33,10,1,0,-4.0,1.5,inconnue,100.0,0,,False
fr-33-036-007,ETS CLEMENS SARL,BAZAS,33,34,3,0,-3.0,1.2,inconnue,85.3,5,,False
fr-53-130-001,S N V,LAVAL,53,15,9,3,-3.0,0.12,inconnue,33.3,10,-3.0,False
fr-42-305-004,TRADIVAL,LA TALAUDIERE,42,39,13,0,-3.0,1.88,tradival,28.2,28,-1.5,False
fr-30-233-001,DUC,SAINT-BAUZELY,30,14,4,0,-3.0,0.15,inconnue,42.9,8,,False
fr-71-004-001,FRAIRIE DE BOURGOGNE - LA FRAIRIE DE BOURGOGNE - LA FRAIRIE - EURO DISPAL,ALLERIOT,71,10,8,0,-3.0,1.15,fourchettes-co,30.0,7,,False
fr-44-003-002,GASTRONOME ANCENIS,ANCENIS,44,12,7,0,-3.0,0.11,u,33.3,8,,False
fr-53-048-002,GALEO / S N V,CHAILLAND,53,10,4,1,-3.0,0.09,auchan,30.0,7,,True
fr-32-107-030,FERMIERS DU GERS,CONDOM,32,11,4,0,-3.0,0.13,volae,63.6,4,,False
fr-79-195-003,GALLIANCE INDUSTRIE SEVRIENNE,NUEIL-LES-AUBIERS,79,296,12,0,-3.0,0.11,la-nouvelle-agriculture,65.2,103,-3.0,False
fr-76-159-003,LES TRIPES PAILLARD,CANY-BARVILLE,76,41,15,0,-3.0,1.1,tripes-paillard,31.7,28,-3.0,False
fr-64-024-003,HIRUAK,ANGLET,64,45,2,0,-3.0,1.8,hiruak,84.4,7,,False
fr-72-090-011,CHARLES CHRIST,CONNERRE,72,15,7,0,-3.0,0.96,carrefour,26.7,11,-2.0,False
fr-72-168-001,CAVOL / LDC SABLE - CAVOL,LOUE,72,27,4,0,-3.0,0.15,loue,63.0,10,-3.5,True
fr-89-069-001,DUC,CHAILLEY,89,40,11,5,-3.0,0.11,inconnue,32.5,27,-3.0,False
fr-80-751-001,LES CANARDS DU VAL DE LUCE,THENNES,80,10,4,0,-3.0,1.35,inconnue,70.0,3,,False
fr-14-762-026,AMAND,VIRE-NORMANDIE,14,20,8,0,-3.0,1.7,inconnue,60.0,8,,False
fr-85-084-001,ARRIVE,ESSARTS EN BOCAGE,85,81,10,0,-3.0,0.14,maitre-coq,65.4,28,-3.0,False
fr-03-236-001,ARRIVE AUVERGNE,SAINT-GERMAIN-DES-FOSSES,3,25,6,0,-3.0,0.13,inconnue,24.0,19,-3.0,False
fr-71-056-001,LDC BOURGOGNE,BRANGES,71,40,10,0,-3.0,0.4,le-gaulois,40.0,24,-6.0,False
fr-31-091-010,SOVIVO,BRUGUIERES,31,11,4,0,-2.5,0.73,inconnue,36.4,7,,False
fr-15-187-012,UNIPLANEZE,SAINT-FLOUR,15,40,19,0,-2.0,0.95,carrefour,30.0,28,-2.0,False
fr-26-347-022,SAVIEL FRANCE,TAIN-L'HERMITAGE,26,61,8,0,-2.0,1.63,jean-roze,47.5,32,-1.0,False
fr-28-027-005,CHB,LA BAZOCHE-GOUET,28,68,6,0,-2.0,1.7,inconnue,67.6,22,-1.0,False
fr-56-140-006,SOCIETE BERNARD,MOREAC,56,73,17,0,-2.0,1.8,carrefour,28.8,52,-1.5,False
fr-79-195-001,GALLIANCE NUEIL,NUEIL-LES-AUBIERS,79,50,17,0,-2.0,1.3,inconnue,30.0,35,-2.0,False
fr-77-438-001,WILLIAM SAURIN PRODUCTION,LAGNY-SUR-MARNE,77,35,12,0,-2.0,0.8,william-saurin,51.4,17,0.0,False
fr-79-246-002,COOPERL ARC ATLANTIQUE,SAINTE-EANNE,79,41,10,0,-2.0,1.3,madrange,78.0,9,,False
fr-01-224-001,SIBERT LA BRESSE,LOYETTES,1,28,6,0,-2.0,1.2,le-pere-benoit,39.3,17,-2.0,False
fr-87-085-006,CENTRE VIANDE FRANCIS PLAINEMAISON / PLAINEMAISON AQUITAINE,LIMOGES,87,13,6,0,-2.0,0.15,monoprix,46.2,7,,True
fr-19-031-003,BLEDINA,BRIVE-LA-GAILLARDE,19,13,5,0,-2.0,0.36,bledina,61.5,5,,False
fr-16-015-015,SODIPORC,ANGOULEME,16,10,2,0,-2.0,1.6,inconnue,50.0,5,,False
fr-72-264-005,CHARAL,SABLE-SUR-SARTHE,72,11,1,1,-2.0,0.17,charal,100.0,0,,False
fr-07-259-002,GUEZE ETS - CHAZEL,SAINT-JUST-D'ARDECHE,7,14,4,0,-2.0,5.8,inconnue,35.7,9,,False
fr-84-007-006,ETABLISSEMENTS R.FILLIERE,AVIGNON,84,12,1,0,-2.0,2.15,inconnue,100.0,0,,False
fr-12-052-003,RAYNAL ET ROQUELAURE,CAPDENAC-GARE,12,65,24,0,-2.0,0.79,raynal-et-roquelaure,18.5,53,-2.0,False
fr-43-177-003,ETABLISSEMENTS MASSARDIER,SAINT-DIDIER-EN-VELAY,43,27,3,0,-2.0,2.0,inconnue,88.9,3,,False
fr-38-341-005,CHOCOLATERIE LA VANOISE / COOPERL ARC ATLANTIQUE,ROCHETOIRIN,38,43,8,0,-2.0,1.3,madrange,76.7,10,-2.5,True
fr-38-449-003,POPY,SAINT-QUENTIN-FALLAVIER,38,22,4,0,-2.0,2.0,inconnue,50.0,11,-2.0,False
fr-45-147-004,TRADIVAL,FLEURY-LES-AUBRAIS,45,43,11,0,-2.0,1.7,tradival,25.6,32,-4.0,False
fr-01-405-004,SIBERT LA BRESSE,SERVAS,1,25,3,0,-2.0,1.5,inconnue,60.0,10,-1.0,False
fr-85-082-005,LES DELICES DE CLOBERT,LES EPESSES,85,13,3,0,-2.0,1.8,inconnue,69.2,4,,False
fr-85-154-001,S.T.A.M. - POIRAUD,MOUILLERON-SAINT-GERMAIN,85,17,6,3,-2.0,0.3,inconnue,58.8,7,,False
fr-85-222-003,GENDREAU,SAINT-GILLES-CROIX-DE-VIE,85,40,15,0,-2.0,0.81,la-cuisine-d-oceane,30.0,28,-1.5,False
fr-12-052-009,ETABLISSEMENTS L. SERRAULT,CAPDENAC-GARE,12,28,8,0,-2.0,1.66,inconnue,53.6,13,-3.0,False
fr-32-132-023,DELPEYRAT / GERS DISTRIBUTION,FLEURANCE,32,11,4,0,-1.5,1.5,comtesse-du-barry,63.6,4,,True
fr-42-094-002,DEVEILLE SAS,FEURS,42,15,7,0,-1.5,0.1,l-etal-du-boucher,26.7,11,-1.0,False
fr-59-526-101,LES CUISINES DES SOURCES,SAINT-AMAND-LES-EAUX,59,12,5,0,-1.5,1.05,les-mijotes-de-l-abbaye,41.7,7,,False
fr-11-076-006,CONSERVERIE DU LANGUEDOC - LA BELLE CHAURIENNE,CASTELNAUDARY,11,55,13,0,-1.5,0.9,la-belle-chaurienne,40.0,33,-2.0,False
fr-11-076-050,OCCITANE PLATS CUISINES / OCCITANE PLATS CUISINES - GUS - LES BRASERADES / OCCITANE PLATS CUISINES - OCCITANE PLATS CUISINES - GUS - LES BRASERADES,CASTELNAUDARY,11,25,14,0,-1.5,1.0,inconnue,16.0,21,-2.0,True
fr-07-204-003,STB - TEYSSIER,SAINT-AGREVE,7,12,4,0,-1.0,1.89,teyssier,41.7,7,,False
fr-03-094-007,CONVIVIAL,CREUZIER-LE-VIEUX,3,18,5,0,-1.0,0.12,picard,55.6,8,,False
fr-35-223-001,CHARCUTERIES CUISINEES DE PLELAN,PLELAN-LE-GRAND,35,10,1,0,-1.0,1.45,fleury-michon,100.0,0,,False
fr-35-196-001,BRIENT,MORDELLES,35,115,18,0,-1.0,1.7,inconnue,37.4,72,-1.0,False
fr-35-297-003,ONNO BRETAGNE / SALAISONS CELTIQUES - ONNO BRETAGNE,SAINT-MEEN-LE-GRAND,35,74,10,0,-1.0,2.0,inconnue,36.5,47,-1.0,True
fr-29-269-020,D'AUCY FRANCE,SAINT-THURIEN,29,97,24,0,-1.0,0.83,carrefour,23.7,74,-1.0,False
fr-29-247-022,S.C.O.,SAINT-EVARZEC,29,270,37,1,-1.0,1.91,monique-ranou,24.8,203,0.0,False
fr-72-264-003,MARIE,SABLE-SUR-SARTHE,72,53,10,0,-1.0,0.67,marie,62.3,20,-1.0,False
fr-77-208-001,DUC,GOUAIX,77,12,5,0,-1.0,1.3,carrefour,41.7,7,,False
fr-79-005-001,MARIE SURGELES,AIRVAULT,79,43,15,0,-1.0,0.67,marie,44.2,24,-1.0,False
fr-80-318-001,GROUPE BIGARD,FLIXECOURT,80,39,16,0,-1.0,0.22,bigard,17.9,32,-1.5,False
fr-80-798-003,LE DOMAINE PICARD,VILLERS-BOCAGE,80,110,5,0,-1.0,2.0,domaine-picard,50.9,54,-1.0,False
fr-29-097-020,COMPAGNIE LAMPAULAISE DE SALAISON,LAMPAUL-GUIMILIAU,29,113,31,0,-1.0,1.9,carrefour,15.9,95,-1.0,False
fr-35-139-001,SVELTIC - WHAT'S COOKING RENNES,LAILLE,35,44,14,0,-1.0,0.73,monique-ranou,20.5,35,0.0,False
fr-22-046-001,KERMENE,LE MENE,22,241,19,1,-1.0,1.8,marque-repere,54.4,110,-1.0,False
fr-22-007-001,BINIC GASTRONOMIE,BINIC-ETABLES-SUR-MER,22,70,18,0,-1.0,1.5,mere-lalie,48.6,36,-0.5,False
fr-42-334-001,ETABLISSEMENTS ROCHEBILLARD ET BLEIN,VIOLAY,42,25,13,0,-1.0,5.0,inconnue,28.0,18,-1.0,False
fr-43-190-003,MONIER VIANDES PRODUITS ELABORES,SAINT-GERMAIN-LAPRADE,43,26,16,0,-1.0,0.17,l-etal-du-boucher,15.4,22,-1.0,False
fr-37-276-031,LES SALAISONS REGIONALES,VILLEDOMER,37,18,6,0,-1.0,1.24,inconnue,44.4,10,-1.5,False
fr-29-233-001,GROUPE BIGARD,QUIMPERLE,29,107,14,0,-1.0,0.91,bigard,48.6,55,-1.0,False
fr-61-077-012,COMTE DE BELLOU,CERISE,61,17,2,0,-1.0,1.26,inconnue,76.5,4,,False
fr-72-039-003,RUEL BRUNO / RUEL BRUNO - CHARCUTERIE RUEL-BOULVERT,BONNETABLE,72,45,1,0,-1.0,1.8,charcuterie-ruel,100.0,0,,True
fr-56-091-002,CHARCUTERIES GOURMANDES,JOSSELIN,56,21,9,0,-1.0,1.6,leader-price,52.4,10,-0.5,False
fr-58-079-005,MORVAN CHARCUTERIES SALAISONS,CLAMECY,58,18,5,0,-1.0,1.5,inconnue,66.7,6,,False
fr-29-188-020,PRIMEL GASTRONOMIE,PLOUGASNOU,29,59,18,0,-1.0,0.61,picard,30.5,41,-1.0,False
fr-29-225-001,JEAN HENAFF PRODUCTION / JEAN HENAFF SAS,POULDREUZIC,29,143,11,0,-1.0,1.48,henaff,85.3,21,0.0,True
fr-49-323-032,ELIVIA,VERRIERES-EN-ANJOU,49,62,17,0,-1.0,0.22,auchan,17.7,51,0.0,False
fr-44-190-005,COVI,SAINT-SEBASTIEN-SUR-LOIRE,44,76,30,2,-1.0,0.89,paul-louise,21.1,60,-1.0,False
fr-47-032-001,GROUPE BIGARD,BON-ENCONTRE,47,13,5,0,-1.0,0.22,bigard,61.5,5,,False
fr-49-099-002,CHARAL,CHOLET,49,158,12,1,-1.0,0.18,charal,82.3,28,-2.0,False
fr-62-506-002,LICQUES VOLAILLES - SECRETS VOLAILLES-SECRETS VILLAGE,LICQUES,62,10,2,0,-1.0,1.21,inconnue,90.0,1,,False
fr-67-144-001,MORITZ SA SOC EXPLOIT - LES CHARCUTIERS DU BAN DE ROCHE,PLAINE,67,31,4,0,-1.0,1.7,moritz,54.8,14,-1.0,False
fr-85-222-009,VIF ARGENT - V.I.F. VERY INNOVATIVE FOOD,SAINT-GILLES-CROIX-DE-VIE,85,35,13,0,-1.0,0.8,la-cuisine-d-oceane,42.9,20,-1.0,False
fr-57-463-001,CHARAL,METZ,57,37,4,0,-1.0,0.2,charal,91.9,3,,False
fr-84-029-001,RAYNAL ET ROQUELAURE PROVENCE,CAMARET-SUR-AIGUES,84,77,19,4,-1.0,0.81,zapetti,44.2,43,0.0,False
fr-81-144-022,AOSTE SNC OU A SNC,LESCURE D'ALBIGEOIS,81,29,12,0,-1.0,3.6,cesar-moroni,37.9,18,-0.5,False
fr-83-054-001,MADERN PLATS CUISINES,LA FARLEDE,83,17,8,0,-1.0,0.58,madern,41.2,10,-1.5,False
fr-29-058-020,TIPIAK PLATS CUISINES SURGELES,FOUESNANT,29,16,2,0,-1.0,0.8,picard,81.2,3,,False
fr-28-280-028,COOK INOV,NOGENT-LE-ROTROU,28,10,8,1,-1.0,0.64,weight-watchers,20.0,8,,False
fr-59-225-104,GROUPE BIGARD / GROUPE BIGARD - BIGARD FEIGNIES,FEIGNIES,59,15,4,0,-1.0,0.17,charal,80.0,3,,True
fr-44-131-008,SOCIETE COLLET,PORNIC,44,30,20,0,-1.0,0.78,l-atelier-collet,13.3,26,-1.0,False
fr-47-326-015,"LUCIEN GEORGELIN - ""CONFISERIE LUCIEN GEORGELIN""",VIRAZEIL,47,33,5,0,-1.0,1.6,lucien-georgelin,81.8,6,,False
fr-14-630-043,SAS FRIAL,SAINT-MARTIN-DES-ENTREES,14,65,12,0,-1.0,0.62,picard,46.2,35,0.0,False
fr-14-752-010,ELIVIA,VILLERS-BOCAGE,14,224,17,6,-1.0,0.96,tendre-plus,63.8,81,1.0,False
fr-22-182-001,CELTIGEL,PLELO,22,44,17,0,-1.0,0.7,carrefour,22.7,34,0.0,False
fr-84-007-020,AGIS,AVIGNON,84,103,27,0,-1.0,0.72,carrefour,20.4,82,-1.0,False
fr-11-076-009,SOCIETE RIVIERE,CASTELNAUDARY,11,72,11,0,-1.0,0.77,maison-riviere,73.6,19,-0.5,False
fr-12-202-001,SOULIE RESTAURATION,RODEZ,12,65,20,1,-1.0,0.9,william-saurin,44.6,36,-1.0,False
fr-95-018-022,non apparie au registre,,95,56,2,0,-1.0,1.9,inconnue,85.7,8,,False
fr-95-280-001,non apparie au registre,,95,73,15,0,-1.0,1.8,madrange,31.5,50,-4.0,False
fr-87-187-003,LAREDY,SAINT-YRIEIX-LA-PERCHE,87,32,13,0,-1.0,1.64,comte-de-la-seynie,34.4,21,-1.0,False
fr-29-075-020,KERMAD - KERMAD SA,GUIPAVAS,29,10,2,0,-0.5,0.66,picard,70.0,3,,False
fr-35-136-002,SAVIEL FRANCE,JANZE,35,18,5,0,-0.5,1.69,jean-roze,55.6,8,,False
fr-47-252-001,RAYNAL ET ROQUELAURE,SAINTE-LIVRADE-SUR-LOT,47,38,12,4,-0.5,0.81,marque-repere,21.1,30,-1.0,False
fr-56-017-002,CENTRE ELABORATION DES VIANDES,BIGNAN,56,24,5,7,-0.5,1.0,inconnue,50.0,12,4.0,False
fr-36-231-017,PRODISAL,VELLES,36,12,6,0,-0.5,1.15,merveilles-d-asie,33.3,8,,False
fr-56-094-013,CHARCUTERIE DU BLAVET,KERVIGNAC,56,34,2,0,-0.5,1.8,inconnue,79.4,7,,False
fr-69-259-002,CHARCUTERIE ANSELME SA,VENISSIEUX,69,15,3,0,0.0,1.67,inconnue,80.0,3,,False
fr-76-400-001,DEFIAL NORMIVAL,LUNERAY,76,45,13,1,0.0,1.6,inconnue,51.1,22,0.5,False
fr-72-331-001,BAHIER / SOC DES RILLETTES BAHIER,SCEAUX-SUR-HUISNE,72,169,29,0,0.0,1.4,bahier,29.6,119,0.0,True
fr-79-179-002,GALLIANCE DINDE,MONCOUTANT,79,29,9,0,0.0,0.18,la-nouvelle-agriculture,41.4,17,0.0,False
fr-72-386-002,LUISSIER BORDEAU CHESNEL,YVRE-L'EVEQUE,72,20,3,0,0.0,1.1,bordeau-chesnel,80.0,4,,False
fr-80-025-001,FERME SAINT CHRISTOPHE,ARGOULES,80,15,5,0,0.0,1.37,conserverie-st-christophe,53.3,7,,False
fr-85-215-001,ARRIVE,SAINT-FULGENT,85,113,10,0,0.0,0.18,maitre-coq,69.0,35,0.0,False
fr-12-063-025,TRANCHAGE DE LA JASSE,LA CAVALERIE,12,149,24,0,0.0,3.0,despi,28.9,106,2.0,False
fr-12-056-001,SA PROGRE,BARAQUEVILLE,12,15,8,0,0.0,1.5,les-garibotes,40.0,9,,False
fr-56-109-001,PROCANAR,LAUZACH,56,45,8,0,0.0,0.13,inconnue,40.0,27,0.0,False
fr-56-075-003,non apparie au registre,,56,17,12,0,0.0,0.74,inconnue,17.6,14,0.0,False
fr-72-054-002,LUISSIER BORDEAU CHESNEL,CHAMPAGNE,72,31,6,0,0.0,1.1,bordeau-chesnel,67.7,10,0.0,False
fr-72-080-002,SOCOPA VIANDES,CHERRE,72,142,33,2,0.0,0.85,socopa,39.4,86,0.0,False
fr-72-175-001,LUCHE TRADITION VOLAILLES,LUCHE-PRINGE,72,53,13,3,0.0,0.57,monoprix,39.6,32,1.0,False
fr-56-151-001,LES ATELIERS DU GOUT,NOYAL-PONTIVY,56,17,2,0,0.0,0.85,picard,94.1,1,,False
fr-61-181-001,LES ELEVEURS DE LA CHARENTONNE,GACE,61,30,2,0,0.0,1.27,inconnue,56.7,13,-3.0,False
fr-61-096-020,S N V,RIVES D'ANDAINE,61,35,13,3,0.0,0.15,monoprix,17.1,29,0.0,False
fr-22-067-001,SOCOPA VIANDES,GRACES,22,11,3,0,0.0,0.17,charal,72.7,3,,False
fr-29-236-010,VOLEFI,RIEC-SUR-BELON,29,26,9,1,0.0,0.57,carrefour,34.6,17,0.0,False
fr-53-107-002,LES RILLETTES GORRONNAISES,GORRON,53,17,2,0,0.0,1.6,inconnue,82.4,3,,False
fr-38-051-001,ELIVIA,BOUGE-CHAMBALUD,38,46,12,0,0.0,0.22,carrefour,23.9,35,-1.0,False
fr-64-139-002,LE VIEUX CHENE,BOSDARROS,64,13,2,0,0.0,1.35,le-vieux-chene,92.3,1,,False
fr-69-238-010,FRANCE SALAISONS,SAINT-SYMPHORIEN-SUR-COISE,69,69,24,0,0.0,4.3,carrefour,39.1,42,0.0,False
fr-43-262-001,SALAISONS PHILIS,VIEILLE-BRIOUDE,43,48,5,0,0.0,5.0,inconnue,77.1,11,0.0,False
fr-35-004-002,BRIENT,VAL-COUESNON,35,30,8,0,0.0,1.3,brient,33.3,20,-0.5,False
fr-35-360-005,SOCIETE VITREENNE D'ABATTAGE,VITRE,35,51,6,0,0.0,1.0,jean-roze,51.0,25,1.0,False
fr-35-162-009,SALAISON BIO VALEUR / SOCIETE BIGNON VIANDES,LOUVIGNE-DU-DESERT,35,40,8,0,0.0,1.9,biocoop,77.5,9,,True
fr-01-336-001,non apparie au registre,,1,29,14,1,0.0,4.4,inconnue,24.1,22,1.0,False
fr-01-451-003,MARIE,VIRIAT,1,13,4,0,0.0,0.68,marie,61.5,5,,False
fr-02-617-001,WILLIAM SAURIN PRODUCTION,POUILLY-SUR-SERRE,2,72,20,0,0.0,0.83,panzani,26.4,53,0.0,False
fr-35-152-002,ETABLISSEMENTS CLERMONT,LIFFRE,35,29,4,0,0.0,1.6,clermont,48.3,15,0.0,False
fr-47-091-011,LECHEF,ESTILLAC,47,50,11,0,0.0,0.84,lechef,44.0,28,0.0,False
fr-50-127-004,LE MOULINET - LES CHARCUTERIES DE LA TRAPPE / LES CHARCUTERIES DE LA TRAPPE,SAINTE-MERE-EGLISE,50,11,2,0,0.0,1.57,les-charcuteries-de-la-trappe,63.6,4,,True
fr-50-074-001,LA CHAISERONNE,BRECEY,50,19,8,0,0.0,1.55,les-marmites-d-augustine,31.6,13,0.0,False
fr-67-180-007,BOUCHERIE CHARCUT ZENTZ SARL / CHARCUTERIE ZENTZ,HAGUENAU,67,12,3,0,0.0,2.3,zentz,75.0,3,,True
fr-62-767-005,HERTA / HERTA SAS,SAINT-POL-SUR-TERNOISE,62,131,3,0,0.0,1.93,herta,72.5,36,0.0,True
fr-63-427-001,BELL FRANCE - BELL FRANCE TEILHEDE,TEILHEDE,63,58,26,0,0.0,4.6,carrefour,17.2,48,0.0,False
fr-47-323-329,LOU TRAITEUR - BARRAL TRAITEUR DU SUD OUEST,VILLENEUVE-SUR-LOT,47,35,12,0,0.0,0.87,inconnue,20.0,28,0.0,False
fr-66-172-001,LES GOUTS DU SUD SAS,SAINT-ESTEVE,66,51,4,0,0.0,1.9,inconnue,51.0,25,0.0,False
fr-14-752-020,BROCELIANDE - ALH / COOPERL SALAISONS,VILLERS-BOCAGE,14,273,44,0,0.0,2.0,inconnue,29.3,193,-1.0,True
fr-18-033-033,ETABLISSEMENTS PUIGRENIER,BOURGES,18,11,5,1,0.0,0.17,monoprix,63.6,4,,False
fr-59-032-001,LE PATUREUR,AULNOY-LEZ-VALENCIENNES,59,11,2,0,0.0,1.5,le-patureur,90.9,1,,False
fr-56-225-001,KERMENE,SAINT-LERY,56,43,6,0,0.0,0.15,marque-repere,41.9,25,0.0,False
fr-25-357-050,AUX PRODUITS SAUGETS / AUX PRODUITS SAUGETS SARL,MAISONS-DU-BOIS-LIEVREMONT,25,33,3,0,0.0,1.76,inconnue,90.9,3,,True
fr-22-364-008,KERMENE,TRELIVAN,22,63,12,0,0.0,1.2,marque-repere,47.6,33,0.0,False
fr-24-439-004,DELMOND FOIES GRAS,BOULAZAC ISLE MANOIRE,24,11,3,0,0.0,0.63,inconnue,72.7,3,,False
fr-24-328-002,CCA PERIGORD LES BORIES DU PERIGORD - LES BORIES DU PERIGORD,PIEGUT-PLUVIERS,24,28,14,0,0.0,1.25,amaury,17.9,23,0.0,False
fr-29-020-020,MARIE,BRIEC,29,36,12,0,0.0,0.67,marie,44.4,20,0.0,False
fr-26-088-011,BERNARD ROYAL DAUPHINE / BERNARD ROYAL DAUPHINE SA,CHATUZANGE-LE-GOUBET,26,15,6,2,0.0,0.69,royal-bernard,40.0,9,,True
fr-62-865-007,FOODIZ CUISINE,VITRY-EN-ARTOIS,62,36,8,0,0.0,0.79,inconnue,27.8,26,-1.0,False
fr-85-086-001,GALLIANCE FALLERON,FALLERON,85,59,19,1,0.0,1.5,cora,15.3,50,1.0,False
fr-85-154-002,FLEURY MICHON LS,MOUILLERON-SAINT-GERMAIN,85,148,13,0,0.0,0.76,fleury-michon,79.1,31,0.0,False
fr-85-140-001,FLEURY MICHON LS,POUZAUGES,85,64,3,0,0.0,1.8,fleury-michon,96.9,2,,False
fr-56-261-001,GALLIANCE ELABORES,LA VRAIE-CROIX,56,82,16,0,0.0,1.19,pere-dodu,67.1,27,1.0,False
fr-57-032-001,CHARCU-PAC LES PROVINCES,ARS-SUR-MOSELLE,57,170,37,0,0.0,4.0,carrefour,22.4,132,1.0,False
fr-13-083-001,GROUPE BIGARD,ROGNONAS,13,33,9,0,0.0,1.3,bigard,48.5,17,0.0,False
fr-14-431-022,STEFANO TOSELLI / WHAT'S COOKING FRANCE,MEZIDON VALLEE D'AUGE,14,13,11,0,0.0,0.72,carrefour,15.4,11,0.0,True
fr-85-051-003,FLEURY MICHON LS,CHANTONNAY,85,116,3,32,0.0,1.8,fleury-michon,94.8,6,,False
fr-85-059-004,BIOPORC LA NATURE LA SAVEUR,LA CHATAIGNERAIE,85,130,16,0,0.0,1.9,bioporc,32.3,88,0.0,False
fr-84-054-001,SOCOPA VIANDES,L'ISLE-SUR-LA-SORGUE,84,23,9,4,0.0,0.8,socopa,47.8,12,0.0,False
fr-22-136-007,BROCELIANDE - ALH / COOPERL SALAISONS,LOUDEAC,22,48,13,0,0.0,2.0,carrefour,33.3,32,0.0,True
fr-19-073-002,CHARAL,EGLETONS,19,12,1,0,0.0,0.17,charal,100.0,0,,False
fr-10-297-001,AT FRANCE,PONT-SAINTE-MARIE,10,39,16,0,0.0,1.9,inconnue,38.5,24,2.0,False
fr-14-514-023,SAVEUR D'AUGE,PONT L'EVEQUE,14,13,1,0,0.0,1.3,saveur-d-auge,100.0,0,,False
fr-87-085-003,COMPAGNIE MADRANGE,LIMOGES,87,120,23,0,0.0,1.6,madrange,50.0,60,0.5,False
fr-13-074-001,ABC INDUSTRIE,PEYROLLES-EN-PROVENCE,13,53,16,0,0.0,2.0,inconnue,43.4,30,-1.0,False
fr-18-159-001,COVI,NANCAY,18,21,7,0,0.0,1.6,avon-ragobert,33.3,14,0.5,False
fr-88-218-001,SOCIETE NOUVELLE SALAISONS VOSGIENNES,GRANGES-AUMONTZEY,88,12,4,12,0.0,1.84,oriental-viandes,66.7,4,,False
fr-29-125-020,ANDRE LOUSSOUARN,LEUHAN,29,23,2,0,0.0,1.58,inconnue,52.2,11,1.0,False
fr-35-124-007,KERVEN,GRAND-FOUGERAY,35,15,3,0,0.0,1.6,inconnue,66.7,5,,False
fr-07-338-001,COMPAGNIE CALIXTE,VERNOUX-EN-VIVARAIS,7,15,8,0,0.0,4.4,aoste,40.0,9,,False
fr-01-053-015,SOCIETE NOUVELLE UTP,BOURG-EN-BRESSE,1,35,11,0,0.0,2.1,inconnue,40.0,21,1.0,False
fr-59-183-003,non apparie au registre,,59,10,4,0,0.5,0.8,casino,50.0,5,,False
fr-79-049-006,ETS DANIEL BERNIER SAS,BRESSUIRE,79,10,3,0,0.5,1.7,charcuterie-daniel-bernier,40.0,6,,False
fr-29-174-020,LARZUL,PLONEOUR-LANVERN,29,21,5,0,0.5,1.1,maison-larzul,47.6,11,-10.0,False
fr-24-053-001,SOBEVAL,BOULAZAC ISLE MANOIRE,24,26,4,1,0.5,0.84,inconnue,76.9,6,,False
fr-22-093-001,COOPERL ARC ATLANTIQUE,LAMBALLE,22,235,45,1,1.0,1.6,madrange,20.0,188,1.0,False
fr-22-225-001,CONSERVES STEPHAN,PLOUMAGOAR,22,138,30,0,1.0,1.6,stephan,47.1,73,0.0,False
fr-14-069-022,CHARAL,BEUVILLERS,14,13,9,0,1.0,0.7,carrefour,30.8,9,,False
fr-87-001-001,CONSERVERIE DES TUILIERES ARNAUD,AIXE-SUR-VIENNE,87,61,23,0,1.0,1.5,arnaud,24.6,46,0.0,False
fr-81-124-012,MAISON MILHAU,LACAUNE,81,44,7,0,1.0,4.45,maison-milhau,75.0,11,2.0,False
fr-81-083-001,COMPAGNIE MONTAGNE NOIRE,DURFORT,81,27,10,0,1.0,4.6,montagne-noire,44.4,15,1.0,False
fr-12-301-002,ETABLISSEMENT CANCE,VILLENEUVE,12,26,5,0,1.0,1.9,inconnue,46.2,14,1.0,False
fr-12-300-005,SALAISONS ET CONSERVES DU ROUERGUE,VILLEFRANCHE-DE-ROUERGUE,12,30,15,0,1.0,4.87,auchan,23.3,23,1.0,False
fr-81-003-003,SOC SERRES & CIE,ALBAN,81,19,4,0,1.0,1.7,inconnue,63.2,7,,False
fr-85-233-001,ARRIVE,SAINT-JEAN-DE-BEUGNE,85,47,19,0,1.0,1.2,maitre-coq,42.6,27,1.0,False
fr-85-065-001,ARRIVE,CHAVAGNES-EN-PAILLERS,85,62,15,0,1.0,1.15,maitre-coq,48.4,32,0.0,False
fr-29-004-023,JEAN-PIERRE TALLEC-L'HERITAGE DU GOUT,BANNALEC,29,222,16,0,1.0,1.9,tallec,40.5,132,1.0,False
fr-58-199-001,TERRINES DU MORVAN,ONLAY,58,16,3,0,1.0,1.6,terrines-du-morvan,81.2,3,,False
fr-59-526-002,SAINT GERY,SAINT-AMAND-LES-EAUX,59,14,6,0,1.0,1.76,inconnue,35.7,9,,False
fr-25-346-020,HAUTE LOUE SALAISONS,LONGEVILLE,25,12,4,0,1.0,2.4,inconnue,41.7,7,,False
fr-57-160-001,CHARCULOR,CREUTZWALD,57,17,2,0,1.0,2.0,charculor,82.4,3,,False
fr-29-051-020,COMPAGNIE LAMPAULAISE DE SALAISON,ERGUE-GABERIC,29,50,15,0,1.0,2.1,madrange,28.0,36,1.5,False
fr-22-321-008,GALLIANCE SAINT NICOLAS DU PELEM,SAINT-NICOLAS-DU-PELEM,22,36,15,4,1.0,1.3,inconnue,44.4,20,0.0,False
fr-24-520-004,CHARCUTERIE DE CAMPAGNE VAUX,SARLAT-LA-CANEDA,24,12,3,0,1.0,1.65,inconnue,75.0,3,,False
fr-47-159-001,non apparie au registre,,47,16,3,0,1.0,1.52,maison-torres,87.5,2,,False
fr-51-649-002,ELIVIA,MAROLLES,51,38,14,1,1.0,0.95,carrefour,21.1,30,1.0,False
fr-55-545-002,ETABLISSEMENTS BERNI ET CIE,VERDUN,55,115,25,6,1.0,4.33,berni,34.8,75,2.0,False
fr-44-014-001,GALLIANCE LE BIGNON,LE BIGNON,44,56,22,1,1.0,1.2,pere-dodu,26.8,41,1.0,False
fr-44-102-002,CHARCUTERIE SALAISONS PIVETEAU,MONTBERT,44,12,2,0,1.0,2.1,inconnue,83.3,2,,False
fr-69-238-001,AOSTE SNC OU A SNC,SAINT-SYMPHORIEN-SUR-COISE,69,13,5,0,1.0,4.5,aoste,30.8,9,,False
fr-64-161-002,LABEYRIE,CAME,64,11,4,0,1.0,1.0,labeyrie,63.6,4,,False
fr-56-078-001,SOCIETE ALIMENTAIRE DE GUIDEL,GUIDEL,56,14,7,1,1.0,0.2,jean-roze,50.0,7,,False
fr-56-033-008,CHARCUTERIE ARTISANALE DU PAYS GALLO,CARENTOIR,56,34,9,0,1.0,1.8,bonval,50.0,17,2.0,False
fr-65-375-001,CONSERVERIE DU SUD,RABASTENS-DE-BIGORRE,65,50,22,0,1.0,1.49,jean-brunet,24.0,38,1.0,False
fr-62-907-002,GOURMETS DE L ARTOIS,LIBERCOURT,62,45,5,0,1.0,3.6,gourmets-de-l-artois,57.8,19,1.0,False
fr-49-239-001,HDC PRODUCTION / HDC PRODUCTION - SAVEURS DES MAUGES,BEAUPREAU-EN-MAUGES,49,41,6,0,1.0,1.9,saveurs-des-mauges,46.3,22,0.5,True
fr-56-010-001,SOCIETE JEAN FLOCH,BAUD,56,125,31,0,1.0,2.1,carrefour,20.8,99,1.0,False
fr-69-043-005,ETABLISSEMENTS RANDY,CHAPONOST,69,12,2,0,1.0,1.6,randy,83.3,2,,False
fr-72-090-007,PRUNIER,CONNERRE,72,43,6,0,1.0,1.5,maison-prunier,53.5,20,1.0,False
fr-60-463-013,SOCIETE JOUVIN,NOGENT-SUR-OISE,60,13,8,0,1.0,4.3,cora,38.5,8,,False
fr-72-132-002,PRESTIGE DE LA SARTHE,LA FERTE-BERNARD,72,33,8,0,1.0,1.4,carrefour,51.5,16,1.0,False
fr-38-193-001,SAUCISSONS MOIROUD / SAUCISSONS MOIROUD - CHARCUTERIE ARTISANALE DAUPHINOISE,L'ISLE-D'ABEAU,38,10,2,0,1.0,1.87,inconnue,80.0,2,,True
fr-71-350-001,SALAISONS DU MACONNAIS,PIERRECLOS,71,43,18,0,1.0,4.8,salaisons-du-maconnais,30.2,30,1.0,False
fr-71-076-001,SALAISONS CHAMBADE,CHALON-SUR-SAONE,71,34,8,0,1.0,1.8,inconnue,64.7,12,1.0,False
fr-67-348-002,STOEFFLER,OBERNAI,67,88,20,0,1.0,1.9,stoeffler,59.1,36,1.5,False
fr-42-165-006,ETABLISSEMENTS MERLE ET COMPAGNIE,PANISSIERES,42,70,22,0,1.0,3.87,inconnue,14.3,60,1.5,False
fr-42-200-001,SOCIETE LE BATISTOU,SAINT-ANDRE-LE-PUY,42,16,4,0,1.0,4.7,le-batistou,50.0,8,,False
fr-73-006-003,BELL FRANCE - BELL FRANCE AIME,AIME-LA-PLAGNE,73,20,12,0,1.0,2.09,carrefour,20.0,16,1.0,False
fr-41-106-001,FESTINS DE SOLOGNE - LES ATELIERS FESTINS,LAMOTTE BEUVRON,41,15,8,0,1.0,0.7,kitchen-diet,20.0,12,1.0,False
fr-73-215-001,HENRI RAFFIN,VALGELON-LA ROCHETTE,73,63,8,0,1.0,4.5,galibier,41.3,37,0.0,False
fr-72-264-002,LDC SABLE,SABLE-SUR-SARTHE,72,719,45,0,1.0,1.3,le-gaulois,56.9,310,1.0,False
fr-76-159-001,CANY PRODUCTS,CANY-BARVILLE,76,31,10,0,1.0,4.88,roches-blanches,45.2,17,1.0,False
fr-74-042-001,GROUPE BIGARD / SOCOPA VIANDES,BONNEVILLE,74,13,5,5,1.0,4.3,inconnue,69.2,4,,True
fr-32-147-024,LES DUCS DE GASCOGNE - DUCS DE GASCOGNE,GIMONT,32,21,5,0,1.0,1.6,ducs-de-gascogne,61.9,8,,False
fr-79-329-004,LOEUL-PIRIOT,THOUARS,79,91,5,0,1.0,0.8,loeul-et-piriot,81.3,17,-2.0,False
fr-69-027-063,SODELY,BRIGNAIS,69,51,4,0,1.0,1.9,inconnue,52.9,24,1.0,False
fr-68-066-003,HERRSCHER MICHEL PRODUCTION,COLMAR,68,17,3,0,1.0,1.9,inconnue,88.2,2,,False
fr-07-110-002,SALAISONS DEBROAS - SALAISONS DE BEAUME-DROBIE,JOYEUSE,7,28,13,0,1.0,4.7,inconnue,32.1,19,1.0,False
fr-04-112-004,LE SECHOIR DES ALPES,MANOSQUE,4,10,4,0,1.0,5.15,inconnue,40.0,6,,False
fr-12-063-026,CONSERVERIE PAPILLON MARMUS - MAISON PAPILLON DEPUIS 1955,LA CAVALERIE,12,12,5,0,1.5,2.54,inconnue,66.7,4,,False
fr-76-681-001,T.L.C.,SOTTEVILLE-LES-ROUEN,76,10,4,0,1.5,1.75,inconnue,70.0,3,,False
fr-67-008-001,ILLER ALSACIENNE DE DISTRIBUTION,ALTORF,67,11,6,0,1.5,1.8,carrefour,27.3,8,,False
fr-42-170-001,COOPERL SALAISONS,PERREUX,42,12,8,0,1.5,4.9,carrefour,33.3,8,,False
fr-22-272-028,GUYADER TERROIR ET CREATION,SAINT-AGATHON,22,74,11,0,2.0,1.5,inconnue,25.7,55,1.0,False
fr-56-174-003,KERANNA PRODUCTIONS,PLUMELIN,56,10,8,1,2.0,1.1,volae,30.0,7,,False
fr-61-169-002,CHARAL,FLERS,61,40,4,1,2.0,1.01,charal,90.0,4,,False
fr-56-246-008,SALAISONS CELTIQUES,LE SOURN,56,156,16,0,2.0,1.7,inconnue,57.7,66,0.0,False
fr-67-008-002,ILLER,ALTORF,67,21,9,0,2.0,2.1,iller,42.9,12,2.5,False
fr-43-211-009,SALAISONS DU LIGNON,SAINT-MAURICE-DE-LIGNON,43,55,13,0,2.0,4.8,monique-ranou,34.5,36,3.5,False
fr-67-348-008,CHARCUTERIE DE LA VALLEE DE LA BRUCHE,OBERNAI,67,47,9,0,2.0,2.1,auchan,57.4,20,3.0,False
fr-34-090-002,LES BRASERADES,LE CRES,34,17,3,0,2.0,2.2,les-braserades,64.7,6,,False
fr-72-181-005,CHARCUTERIE COSME,LE MANS,72,55,5,0,2.0,1.9,charcuterie-cosme,80.0,11,1.0,False
fr-32-079-030,LES CANARDS D'AUZAN / LES DELICES D'AUZAN,CASTELNAU D'AUZAN LABARRERE,32,15,8,0,2.0,1.2,inconnue,20.0,12,2.5,True
fr-67-529-001,CHARCUTERIE PIERRE SCHMIDT,WEYERSHEIM,67,27,13,0,2.0,1.9,pierre-schmidt,29.6,19,3.0,False
fr-60-341-011,UMARK,LAGNY-LE-SEC,60,23,6,0,2.0,2.3,les-braserades,47.8,12,2.0,False
fr-69-204-003,LUSTUCRU FRAIS,SAINT-GENIS-LAVAL,69,12,4,0,2.0,0.9,lunchbox,41.7,7,,False
fr-71-157-028,GROUPE BIGARD,CUISEAUX,71,21,12,0,2.0,0.62,carrefour,19.0,17,2.0,False
fr-42-129-001,AOSTE SNC OU A SNC,MACLAS,42,53,21,0,2.0,4.6,justin-bridou,15.1,45,2.0,False
fr-84-106-001,GUEZE ETS,SAINTE-CECILE-LES-VIGNES,84,12,2,0,2.0,1.87,gueze,75.0,3,,False
fr-44-180-004,SOCIETE AUBRET,SAINT-MARS-LA-JAILLE,44,170,36,0,2.0,2.3,auchan,21.2,134,2.0,False
fr-85-215-003,JEAN ROUTHIAU,SAINT-FULGENT,85,39,16,0,2.0,1.3,inconnue,30.8,27,1.0,False
fr-88-160-450,NOUVEL'PROGALOR,EPINAL,88,12,2,2,2.0,1.9,inconnue,91.7,1,,False
fr-88-465-001,AU FUME VOSGIEN,CAPAVENIR VOSGES,88,14,2,0,2.0,1.88,au-fume-vosgien,85.7,2,,False
fr-19-275-008,LE MONT DE LA COSTE,USSEL,19,10,4,0,2.0,4.55,auvernou,60.0,4,,False
fr-35-068-002,TENDRIADE - TENDRIADE CHATEAUBOURG / TENDRIADE CHATEAUBOURG,CHATEAUBOURG,35,23,6,1,2.0,0.5,tendriade,69.6,7,,True
fr-03-315-001,SOCOPA VIANDES,VILLEFRANCHE-D'ALLIER,3,31,13,4,2.0,0.71,leader-price,32.3,21,2.0,False
fr-59-527-001,non apparie au registre,,59,34,12,0,2.0,1.9,jean-caby,50.0,17,2.0,False
fr-69-201-002,ETABLISSEMENT M. OGIER,SAINTE-FOY-L'ARGENTIERE,69,16,4,0,2.5,3.8,michel-ogier,68.8,5,,False
fr-88-470-033,PIERRAT,LE THOLY,88,14,3,0,2.5,2.2,inconnue,78.6,3,,False
fr-29-160-020,BREDIAL,PLABENNEC,29,20,2,0,2.5,0.92,bredial,95.0,1,,False
fr-67-348-009,SCHWEITZER,OBERNAI,67,29,2,0,3.0,1.9,inconnue,58.6,12,4.5,False
fr-41-238-001,S N V,SAVIGNY-SUR-BRAYE,41,46,9,5,3.0,0.26,l-etal-du-volailler,56.5,20,3.5,False
fr-56-081-001,LES VOLAILLES DE KERANNA,GUISCRIFF,56,20,5,1,3.0,0.17,l-etal-du-volailler,65.0,7,,False
fr-25-039-050,JEAN LOUIS AMIOTTE,AVOUDREY,25,13,10,0,3.0,2.0,inconnue,23.1,10,3.0,False
fr-25-411-050,MORTEAU SAUCISSE,MORTEAU,25,14,8,0,3.0,2.0,morteau-saucisse,21.4,11,3.0,False
fr-44-026-009,QUILLARD ET FILS,CARQUEFOU,44,16,6,0,3.0,1.7,inconnue,37.5,10,5.0,False
fr-24-034-001,ASSOC LES PAPILLONS BLANCS - ESAT DE GAMMAREIX,BELEYMAS,24,17,4,0,3.0,1.64,domaine-de-gammareix,58.8,7,,False
fr-29-018-020,non apparie au registre,,29,25,15,0,3.0,2.16,dia,20.0,20,1.0,False
fr-62-194-002,VASSEUR,CALONNE-RICOUART,62,11,7,0,3.0,2.0,inconnue,36.4,7,,False
fr-67-226-002,BOUCHERIE-CHARCUTERIE METZGER-MULLER,ITTENHEIM,67,13,2,0,3.0,1.9,metzger-muller,92.3,1,,False
fr-56-017-001,RONSARD,BIGNAN,56,45,9,0,3.0,1.4,inconnue,37.8,28,4.0,False
fr-74-007-002,DSR PELIZZARI,AMANCY,74,11,1,0,3.0,2.1,inconnue,100.0,0,,False
fr-08-048-002,DEMOIZET,BARBY,8,11,7,0,3.0,1.4,demoizet,36.4,7,,False
fr-68-166-001,MAURER TEMPE SAS,KINGERSHEIM,68,25,5,0,3.0,2.1,tempe,72.0,7,,False
fr-74-104-001,SALAISONS DU MONT CHARVIN,DOUSSARD,74,17,3,0,3.0,2.2,inconnue,82.4,3,,False
fr-01-249-003,non apparie au registre,,1,90,30,4,3.0,2.2,u,22.2,70,2.5,False
fr-69-135-001,CORICO,DEUX-GROSNES,69,27,12,21,3.5,3.01,medina-halal,33.3,18,4.5,False
fr-26-337-021,TENDRIADE SAULCE,SAULCE-SUR-RHONE,26,11,3,1,4.0,0.87,tendriade,81.8,2,,False
fr-22-388-001,KERMENE,VILDE-GUINGALAN,22,44,10,0,4.0,2.5,marque-repere,54.5,20,5.0,False
fr-69-243-004,AGIS,TARARE,69,50,17,0,4.0,1.2,auchan,30.0,35,4.0,False
fr-67-482-004,non apparie au registre,,67,19,9,0,4.0,1.4,escal,42.1,11,5.0,False
fr-25-240-005,AUX SAVEURS DES SAPINS,LES FINS,25,14,2,0,4.0,2.3,inconnue,92.9,1,,False
fr-44-072-002,AGIS,HERBIGNAC,44,65,31,3,4.0,1.4,carrefour,15.4,55,4.0,False
fr-12-063-028,non apparie au registre,,12,20,8,0,4.0,4.85,la-jasse,30.0,14,6.0,False
fr-89-029-002,non apparie au registre,,89,17,8,0,4.0,1.3,carrefour,23.5,13,4.0,False
fr-25-493-050,non apparie au registre,,25,14,4,0,4.0,1.4,inconnue,71.4,4,,False
fr-39-198-004,CLAVIERE SOC,DOLE,39,39,14,0,4.0,2.0,claviere,43.6,22,3.0,False
fr-42-175-001,ETABLISSEMENTS MERLE ET COMPAGNIE,POUILLY-LES-FEURS,42,55,17,0,4.0,3.5,merle,27.3,40,3.0,False
fr-70-093-001,SOCIETE ANDRE BAZIN,BREUCHES,70,30,9,1,4.0,2.2,inconnue,53.3,14,3.0,False
fr-61-096-018,S N V,RIVES D'ANDAINE,61,35,9,13,4.0,1.3,inconnue,28.6,25,5.5,False
fr-42-305-003,ATELIER FOREZIEN DU FRAIS - AFFRAIS- AFFRAIS PROD- AFFRAIS LOG / DESPINASSE VIANDES,LA TALAUDIERE,42,22,3,0,4.0,1.65,inconnue,63.6,8,,True
fr-77-053-006,FRAIS DEVANT,BRIE-COMTE-ROBERT,77,20,8,0,4.5,4.89,frais-devant,50.0,10,1.5,False
fr-40-281-001,DELPEYRAT,SAINT-PIERRE-DU-MONT,40,31,14,0,4.5,1.4,delpeyrat,32.3,21,5.0,False
fr-39-475-003,SALAISONS BOLARD FRERES,SAINT-AMOUR,39,44,18,0,4.5,1.7,inconnue,22.7,34,4.5,False
fr-53-121-001,LES VOLAILLES REMI RAMON,JAVRON-LES-CHAPELLES,53,12,2,1,4.5,1.3,inconnue,83.3,2,,False
fr-43-262-002,non apparie au registre,,43,16,9,0,5.0,1.3,carrefour,25.0,12,4.5,False
fr-14-167-021,CHIRON ACVF,COLOMBELLES,14,21,11,1,5.0,0.17,carrefour,23.8,16,5.0,False
fr-97-416-003,non apparie au registre,,97,16,3,0,5.0,2.3,le-fleuron-de-la-reunion,68.8,5,,False
fr-21-200-001,JULIEN MACK,COUCHEY,21,15,11,0,5.0,0.8,marque-repere,20.0,12,5.0,False
fr-46-128-002,LA QUERCYNOISE - LA QUERCYNOISE FOIES GRAS / LA QUERCYNOISE FOIES GRAS,GRAMAT,46,17,7,0,5.0,1.85,carrefour,23.5,13,5.0,True
fr-65-304-002,EURALIS GASTRONOMIE,MAUBOURGUET,65,47,8,0,5.0,1.2,maison-montfort,59.6,19,6.0,False
fr-38-012-001,AOSTE SNC OU A SNC - JAMBON D'AOSTE,AOSTE,38,223,39,0,5.5,4.5,aoste,35.0,145,1.0,False
fr-07-338-002,GUEZE ETS,VERNOUX-EN-VIVARAIS,7,30,8,0,5.5,2.4,gueze,40.0,18,7.0,False
fr-22-300-001,L UZELAISE SA,SAINT-HERVE,22,13,2,0,6.0,2.15,inconnue,92.3,1,,False
fr-12-195-007,CHARCUTERIE CAMILLE CROS,REBOURGUIL,12,25,8,0,6.0,4.56,inconnue,68.0,8,,False
fr-01-159-002,ROLAND MONTERRAT - LYONVAL TRAITEUR,FEILLENS,1,53,22,0,6.0,1.7,roland-monterrat,18.9,43,6.0,False
fr-22-277-004,SOCIETE NOUVELLE BELDIS,SAINT-BRANDAN,22,13,3,12,7.0,1.5,inconnue,53.8,6,,False
fr-85-217-004,"SOCIETE DES ETS BOUGRO ""SODEBO""",MONTAIGU-VENDEE,85,19,12,0,7.0,1.7,sodebo,15.8,16,6.5,False
fr-56-010-003,non apparie au registre,,56,12,2,0,8.0,2.38,inconnue,91.7,1,,False
fr-85-006-001,CHARCUTERIE VENDEENNE,APREMONT,85,71,16,0,8.0,3.3,petitgas,40.8,42,10.0,False
fr-56-222-002,CENTRE ELABORATION DES VIANDES,SAINT-JEAN-BREVELAY,56,85,17,71,8.0,2.4,reghalal,31.8,58,6.0,False
fr-54-265-024,C. MARION ET CIE,HOUDEMONT,54,21,5,0,8.0,3.3,marion,61.9,8,,False
fr-41-053-002,NOUVELLE ATLAS / NOUVELLE ATLAS - AL KAWTAR,CHOUE,41,12,5,10,8.0,2.15,aljadid,41.7,7,,True
fr-56-166-001,ISLA MONDIAL,PLOUAY,56,39,4,38,9.0,2.3,isla-mondial,92.3,3,,False
fr-81-124-068,ETS ERNEST OBERTI & FILS / SALAISONS OBERTI,LACAUNE,81,18,5,0,9.5,4.8,oberti,44.4,10,9.5,True
fr-73-065-717,SALAISONS DU CAYON,CHAMBERY,73,20,5,0,10.0,4.5,inconnue,70.0,6,,False
fr-79-049-002,COVI,BRESSUIRE,79,28,16,0,10.0,1.4,hereford,25.0,21,11.0,False
fr-35-223-002,ATELIER DE L ARGOAT,PLELAN-LE-GRAND,35,17,4,0,10.0,2.9,inconnue,41.2,10,9.5,False
fr-38-336-001,LE GRATON LYONNAIS,REVENTIN-VAUGRIS,38,10,4,0,11.0,1.14,le-graton-lyonnais,60.0,4,,False
fr-89-013-001,LAGUILLAUMIE,APPOIGNY,89,20,2,20,11.5,2.48,arabi,95.0,1,,False
fr-42-156-006,CRYSTAL,NEULISE,42,53,5,52,12.0,3.4,isla-delice,92.5,4,,False
fr-65-286-002,non apparie au registre,,65,11,11,1,12.0,1.6,api,9.1,10,12.0,False
fr-11-262-047,COMPAGNIE MONTAGNE NOIRE,NARBONNE,11,97,29,0,13.0,4.7,montagne-noire,19.6,78,12.5,False
fr-40-261-001,LABEYRIE / LABEYRIE FINE FOODS FRANCE,SAINT-GEOURS-DE-MAREMNE,40,34,9,0,13.0,2.7,labeyrie,35.3,22,13.0,True
fr-64-510-003,ETABLISSEMENTS MICHEL DUPUY,SAULT-DE-NAVAILLES,64,29,9,0,13.0,3.9,michel-dupuy,44.8,16,13.0,False
fr-64-513-004,GRAND ADOUR,SAUVETERRE-DE-BEARN,64,15,11,0,13.0,4.9,casino,26.7,11,13.0,False
fr-24-381-001,LE SALOIR DU PERIGORD,SAINT-BARTHELEMY-DE-BUSSIERE,24,25,8,0,14.0,5.7,le-saloir-du-perigord,52.0,12,14.0,False
fr-69-270-001,SOCIETE NOUVELLE ROGER DE LYON,CHAPONNAY,69,14,9,0,14.0,1.75,inconnue,21.4,11,14.0,False
fr-65-100-003,FINE LAME,BORDERES-SUR-L'ECHEZ,65,58,23,0,15.0,5.0,carrefour,37.9,36,14.5,False
fr-64-010-003,HARAGUY-JAMBON DE BAYONNE,AICIRITS-CAMOU-SUHAST,64,31,15,0,15.0,4.9,carrefour,19.4,25,15.0,False
fr-40-020-002,DELPEYRAT,AURICE,40,12,7,0,23.5,3.7,delpeyrat,41.7,7,,False
