produit,bras3,marque,n,nutriscore,sel,proteines,regle_30
blanc_de_poulet,temoin,auchan,69,-6.0,0.1,25.0,franchie
blanc_de_poulet,temoin,cora,20,-6.0,0.08,23.0,sous 30
blanc_de_poulet,temoin,corril,19,-6.0,0.11,23.5,sous 30
blanc_de_poulet,temoin,l-etal-du-volailler,85,-6.0,0.12,23.0,franchie
blanc_de_poulet,temoin,la-nouvelle-agriculture,669,-6.0,0.11,23.0,franchie
blanc_de_poulet,temoin,les-fermiers-de-loue,30,-6.0,0.15,25.0,franchie
blanc_de_poulet,temoin,loue,100,-6.0,0.12,25.0,franchie
blanc_de_poulet,temoin,maitre-coq,429,-6.0,0.18,24.0,franchie
blanc_de_poulet,temoin,marque-repere,47,-6.0,0.18,24.0,franchie
blanc_de_poulet,temoin,monoprix,99,-6.0,0.1,25.0,franchie
blanc_de_poulet,temoin,pere-dodu,71,-6.0,0.13,25.0,franchie
blanc_de_poulet,temoin,picard,17,-6.0,0.12,24.0,sous 30
blanc_de_poulet,temoin,u,128,-6.0,0.11,23.0,franchie
blanc_de_poulet,temoin,volae,124,-6.0,0.13,23.0,franchie
blanc_de_poulet,temoin,volandrie,47,-6.0,0.18,24.0,franchie
blanc_de_poulet,temoin,le-gaulois,1330,-2.0,1.0,23.0,franchie
blanc_de_poulet,temoin,carrefour,24,-1.0,0.65,25.0,sous 30
blanc_de_poulet,temoin,casino,16,0.0,0.95,24.5,sous 30
blanc_de_poulet,temoin,leader-price,63,1.0,1.3,23.3,franchie
blanc_de_poulet,temoin,fleury-michon,28,2.0,1.7,24.0,sous 30
cordon_bleu,temoin,le-gaulois,76,3.0,0.84,15.0,franchie
cordon_bleu,temoin,pere-dodu,45,4.0,1.2,14.0,franchie
cordon_bleu,temoin,maitre-coq,33,6.0,1.23,11.0,franchie
cordon_bleu,temoin,despi,16,13.0,1.29,12.0,sous 30
escalope_panee,temoin,le-gaulois,368,-3.0,0.8,22.0,franchie
escalope_panee,temoin,marque-repere,19,-3.0,0.78,22.7,sous 30
escalope_panee,temoin,volandrie,17,-3.0,0.78,23.0,sous 30
escalope_panee,temoin,volandry,19,-3.0,0.78,22.7,sous 30
escalope_panee,temoin,pere-dodu,54,-1.0,1.1,20.0,franchie
escalope_panee,temoin,u,21,2.0,1.2,19.0,sous 30
escalope_panee,temoin,maitre-coq,17,4.0,1.1,15.0,sous 30
jambon_cuit,temoin,le-gaulois,22,1.0,1.5,21.0,sous 30
jambon_cuit,halal,fleury-michon,51,2.0,1.8,21.0,franchie
jambon_cuit,temoin,broceliande,27,3.0,1.8,21.0,sous 30
jambon_cuit,temoin,fleury-michon,550,5.0,1.8,22.0,franchie
jambon_cuit,temoin,monoprix,41,6.0,1.7,21.0,franchie
jambon_cuit,temoin,auchan,119,7.0,1.9,20.0,franchie
jambon_cuit,temoin,casino,104,7.0,1.8,21.0,franchie
jambon_cuit,temoin,herta,267,7.0,1.8,21.0,franchie
jambon_cuit,temoin,tradilege,27,7.0,1.8,21.0,sous 30
jambon_cuit,temoin,carrefour,136,8.0,1.8,20.0,franchie
jambon_cuit,temoin,franprix,15,8.0,1.8,21.0,sous 30
jambon_cuit,temoin,le-marsigny,22,8.0,1.9,20.0,sous 30
jambon_cuit,temoin,leader-price,65,8.0,1.8,21.0,franchie
jambon_cuit,temoin,madrange,117,8.0,1.9,21.0,franchie
jambon_cuit,temoin,marque-repere,86,8.0,1.87,21.0,franchie
jambon_cuit,temoin,monique-ranou,79,8.0,1.9,21.0,franchie
jambon_cuit,temoin,nestle,47,8.0,1.83,21.0,franchie
jambon_cuit,temoin,netto,34,9.5,2.0,21.0,franchie
jambon_cuit,temoin,rovagnati,18,9.5,1.8,19.0,sous 30
jambon_cuit,temoin,aldi,15,11.0,1.9,20.0,sous 30
jambon_cuit,temoin,belle-france,41,11.0,2.0,21.0,franchie
jambon_cuit,temoin,biocoop,17,11.0,1.9,21.0,sous 30
jambon_cuit,temoin,bioporc,18,11.0,2.05,21.0,sous 30
jambon_cuit,temoin,cora,69,11.0,1.9,20.6,franchie
jambon_cuit,temoin,domaine-picard,144,11.0,2.0,23.0,franchie
jambon_cuit,temoin,dulano,39,11.0,1.9,20.0,franchie
jambon_cuit,temoin,intermarche,32,11.0,1.8,21.15,franchie
jambon_cuit,temoin,lausse,23,11.0,2.0,20.0,sous 30
jambon_cuit,temoin,le-porc-francais,31,11.0,1.9,21.0,franchie
jambon_cuit,temoin,lidl,66,11.0,1.9,20.0,franchie
jambon_cuit,temoin,saint-alby,352,11.0,1.9,20.0,franchie
jambon_cuit,halal,isla-mondial,16,12.0,2.4,19.1,sous 30
jambon_cuit,temoin,aoste,45,12.0,2.17,21.0,franchie
jambon_cuit,temoin,citterio,20,12.0,1.8,19.0,sous 30
jambon_cuit,temoin,despi,43,12.0,2.2,22.0,franchie
jambon_cuit,temoin,le-porc-de-nos-villages,18,12.0,1.9,22.0,sous 30
jambon_cuit,temoin,u,230,12.0,1.9,21.0,franchie
jambon_cuit,halal,reghalal,27,13.0,2.4,18.0,sous 30
jambon_cuit,temoin,porc-de-l-aveyron,16,13.0,1.9,20.0,sous 30
jambon_cuit,temoin,tallec,187,13.0,1.9,22.0,franchie
jambon_cuit,halal,isla-delice,37,18.0,3.4,16.6,franchie
jambon_cuit,temoin,petitgas,39,18.0,2.7,20.5,franchie
jambon_sec,temoin,oberti,17,23.0,5.2,31.2,sous 30
jambon_sec,temoin,despi,24,25.0,4.45,28.2,sous 30
jambon_sec,temoin,espuna,19,25.0,5.2,30.0,sous 30
jambon_sec,temoin,michel-dupuy,21,25.0,3.88,28.4,sous 30
jambon_sec,temoin,argal,15,26.0,5.0,31.0,sous 30
jambon_sec,temoin,bell,16,26.0,5.5,28.0,sous 30
jambon_sec,temoin,maison-milhau,34,26.0,5.4,28.55,franchie
jambon_sec,temoin,marque-repere,26,26.0,4.8,28.85,sous 30
jambon_sec,temoin,serrano,16,26.0,4.96,28.0,sous 30
jambon_sec,temoin,u,52,26.0,5.3,29.0,franchie
jambon_sec,temoin,dulano,15,27.0,5.0,27.0,sous 30
jambon_sec,temoin,italiamo,27,27.0,6.0,26.0,sous 30
jambon_sec,temoin,casino,24,27.5,5.0,28.0,sous 30
jambon_sec,temoin,aoste,105,28.0,5.08,28.0,franchie
jambon_sec,temoin,auchan,51,28.0,5.2,29.0,franchie
jambon_sec,temoin,carrefour,72,28.0,5.0,29.0,franchie
jambon_sec,temoin,citterio,32,28.0,4.6,27.0,franchie
jambon_sec,temoin,cora,16,28.0,5.1,28.2,sous 30
jambon_sec,temoin,franprix,17,28.0,5.1,29.7,sous 30
jambon_sec,temoin,itineraire-des-saveurs,15,28.0,4.8,28.4,sous 30
jambon_sec,temoin,lidl,15,28.0,5.0,27.0,sous 30
jambon_sec,temoin,monoprix,18,28.0,4.65,29.0,sous 30
jambon_sec,temoin,montagne-noire,24,28.0,5.6,27.0,sous 30
jambon_sec,temoin,delpeyrat,60,29.0,5.1,29.5,franchie
jambon_sec,temoin,negroni,23,29.0,4.6,28.0,sous 30
merguez,temoin,socopa,22,21.0,1.8,12.0,sous 30
nugget,temoin,pere-dodu,36,2.0,1.0,13.0,franchie
nugget,temoin,le-gaulois,27,5.0,1.1,12.0,sous 30
nugget,temoin,maitre-coq,28,5.0,1.15,13.0,sous 30
saucisse_volaille,temoin,nature-de-france,50,3.0,1.7,19.0,franchie
saucisse_volaille,temoin,maitre-coq,17,16.0,1.5,15.0,sous 30
saucisson_sec,temoin,saint-agaune,54,27.0,4.7,39.95,franchie
saucisson_sec,temoin,espuna,26,30.5,3.4,25.0,sous 30
saucisson_sec,temoin,elpozo,30,31.0,3.5,21.0,franchie
saucisson_sec,temoin,casa-ramon,22,32.0,3.5,24.5,sous 30
saucisson_sec,temoin,dulano,33,32.0,3.9,21.8,franchie
saucisson_sec,temoin,wiltmann,16,32.0,4.05,23.1,sous 30
saucisson_sec,temoin,saint-alby,30,32.5,3.77,21.8,franchie
saucisson_sec,temoin,carrefour,129,33.0,4.0,24.0,franchie
saucisson_sec,temoin,cesar-moroni,25,33.0,3.6,18.0,sous 30
saucisson_sec,temoin,citterio,18,33.0,4.1,26.0,sous 30
saucisson_sec,temoin,oberti,22,33.0,4.6,26.5,sous 30
saucisson_sec,temoin,rochambeau,15,33.0,3.6,25.0,sous 30
saucisson_sec,temoin,u,60,33.0,4.37,26.0,franchie
saucisson_sec,temoin,aldi,25,34.0,4.3,24.0,sous 30
saucisson_sec,temoin,aoste,48,34.0,4.65,26.0,franchie
saucisson_sec,temoin,auchan,96,34.0,4.5,27.0,franchie
saucisson_sec,temoin,bell,18,34.0,4.35,28.0,sous 30
saucisson_sec,temoin,belle-france,21,34.0,4.4,26.7,sous 30
saucisson_sec,temoin,henri-raffin,45,34.0,4.5,26.0,franchie
saucisson_sec,temoin,leader-price,39,34.0,4.4,25.0,franchie
saucisson_sec,temoin,lidl,26,34.0,4.0,23.0,sous 30
saucisson_sec,temoin,louis-auvergne,22,34.0,4.68,25.5,sous 30
saucisson_sec,temoin,marque-repere,50,34.0,4.5,25.0,franchie
saucisson_sec,temoin,monique-ranou,39,34.0,4.4,25.7,franchie
saucisson_sec,temoin,netto,25,34.0,4.3,25.0,sous 30
saucisson_sec,temoin,sans-marque,15,34.0,4.0,25.0,sous 30
saucisson_sec,halal,isla-delice,18,34.5,4.4,27.7,sous 30
saucisson_sec,temoin,baton-de-berger,17,35.0,4.5,27.0,sous 30
saucisson_sec,temoin,berni,31,35.0,4.5,23.0,franchie
saucisson_sec,temoin,casino,53,35.0,4.4,27.0,franchie
saucisson_sec,temoin,cochonou,61,35.0,4.4,25.0,franchie
saucisson_sec,temoin,cora,46,35.0,4.55,27.0,franchie
saucisson_sec,temoin,galibier,47,35.0,4.7,26.6,franchie
saucisson_sec,temoin,justin-bridou,43,35.0,4.8,27.0,franchie
saucisson_sec,temoin,le-batistou,38,35.0,4.7,29.0,franchie
saucisson_sec,temoin,le-cesarin,26,35.0,4.65,26.0,sous 30
saucisson_sec,temoin,maison-milhau,26,35.0,4.5,28.1,sous 30
saucisson_sec,temoin,monoprix,19,35.0,4.4,25.0,sous 30
saucisson_sec,temoin,montagne-noire,42,35.0,4.9,27.5,franchie
saucisson_sec,temoin,roches-blanches,37,35.0,5.0,37.0,franchie
saucisson_sec,temoin,salaisons-du-maconnais,20,35.0,5.0,27.0,sous 30
saucisson_sec,temoin,auvernou,17,36.0,4.6,30.0,sous 30
steak_hache,temoin,tendre-plus,17,4.0,0.49,20.0,sous 30
steak_hache,temoin,u,40,5.0,0.16,20.0,franchie
steak_hache,temoin,monoprix,18,5.5,0.15,20.0,sous 30
steak_hache,temoin,auchan,44,6.0,0.22,19.05,franchie
steak_hache,temoin,casino,33,6.0,0.16,19.0,franchie
steak_hache,temoin,charal,124,6.0,0.23,19.0,franchie
steak_hache,temoin,jean-roze,54,6.0,0.19,19.0,franchie
steak_hache,temoin,leader-price,46,6.0,0.15,18.7,franchie
steak_hache,temoin,marque-repere,34,6.0,0.15,19.0,franchie
steak_hache,temoin,picard,21,6.0,0.18,18.0,sous 30
steak_hache,temoin,thiriet,21,6.0,0.17,19.0,sous 30
steak_hache,temoin,toupargel,17,6.0,0.17,19.6,sous 30
steak_hache,temoin,cora,20,6.5,0.4,18.85,sous 30
steak_hache,temoin,bigard,50,7.0,0.22,18.0,franchie
steak_hache,temoin,carrefour,41,7.0,0.22,20.0,franchie
steak_hache,temoin,l-etal-du-boucher,56,7.0,0.22,19.0,franchie
steak_hache,temoin,lidl,19,7.0,0.22,18.0,sous 30
steak_hache,temoin,socopa,49,8.0,0.7,16.0,franchie
