etablissement,departement,insee,n,n_marques,n_halal,ecart_median,sel_median,marque_dominante,part_dominante_pct,part_mer_pct,ecart_sans_dominante,regle_30,alerte_mer
fr-53-097-001,53,53097,42,4,0,-12.0,0.15,l-etal-du-boucher,66.7,0.0,3.5,franchie,False
fr-43-211-010,43,43211,36,12,0,-7.0,4.6,saint-agaune,41.7,0.0,-7.0,franchie,False
fr-59-597-001,59,59597,50,5,0,-7.0,1.4,fleury-michon,84.0,0.0,,franchie,False
fr-80-799-001,80,80799,53,8,0,-6.0,1.5,inconnue,77.4,0.0,-4.5,franchie,False
fr-19-031-008,19,19031,45,8,0,-6.0,1.8,carrefour,64.4,0.0,-13.0,franchie,False
fr-85-182-003,85,85182,255,5,0,-5.0,1.8,fleury-michon,97.6,0.0,,franchie,False
fr-35-238-019,35,35238,58,3,0,-5.0,1.47,maitre-jacques,60.3,0.0,-13.0,franchie,False
fr-67-218-001,67,67218,101,2,0,-4.0,1.8,herta,78.2,0.0,-7.0,franchie,False
fr-87-065-001,87,87065,202,30,0,-4.0,1.9,madrange,44.6,0.0,-4.0,franchie,False
fr-33-036-007,33,33036,34,3,0,-3.0,1.2,inconnue,85.3,0.0,,franchie,False
fr-42-305-004,42,42305,39,13,0,-3.0,1.88,tradival,28.2,0.0,-1.5,franchie,False
fr-79-195-003,79,79195,296,12,0,-3.0,0.11,la-nouvelle-agriculture,65.2,0.0,-3.0,franchie,False
fr-76-159-003,76,76159,41,15,0,-3.0,1.1,tripes-paillard,31.7,0.0,-3.0,franchie,False
fr-64-024-003,64,64024,45,2,0,-3.0,1.8,hiruak,84.4,0.0,,franchie,False
fr-89-069-001,89,89069,40,11,5,-3.0,0.11,inconnue,32.5,0.0,-3.0,franchie,False
fr-85-084-001,85,85084,81,10,0,-3.0,0.14,maitre-coq,65.4,0.0,-3.0,franchie,False
fr-71-056-001,71,71056,40,10,0,-3.0,0.4,le-gaulois,40.0,0.0,-6.0,franchie,False
fr-15-187-012,15,15187,40,19,0,-2.0,0.95,carrefour,30.0,0.0,-2.0,franchie,False
fr-26-347-022,26,26347,61,8,0,-2.0,1.63,jean-roze,47.5,0.0,-1.0,franchie,False
fr-28-027-005,28,28027,68,6,0,-2.0,1.7,inconnue,67.6,0.0,-1.0,franchie,False
fr-56-140-006,56,56140,73,17,0,-2.0,1.8,carrefour,28.8,0.0,-1.5,franchie,False
fr-79-195-001,79,79195,50,17,0,-2.0,1.3,inconnue,30.0,0.0,-2.0,franchie,False
fr-77-438-001,77,77438,35,12,0,-2.0,0.8,william-saurin,51.4,0.0,0.0,franchie,False
fr-79-246-002,79,79246,41,10,0,-2.0,1.3,madrange,78.0,0.0,,franchie,False
fr-12-052-003,12,12052,65,24,0,-2.0,0.79,raynal-et-roquelaure,18.5,0.0,-2.0,franchie,False
fr-38-341-005,38,38341,43,8,0,-2.0,1.3,madrange,76.7,0.0,-2.5,franchie,False
fr-45-147-004,45,45147,43,11,0,-2.0,1.7,tradival,25.6,0.0,-4.0,franchie,False
fr-11-076-006,11,11076,55,13,0,-1.5,0.9,la-belle-chaurienne,40.0,0.0,-2.0,franchie,False
fr-35-196-001,35,35196,115,18,0,-1.0,1.7,inconnue,37.4,0.0,-1.0,franchie,False
fr-35-297-003,35,35297,74,10,0,-1.0,2.0,inconnue,36.5,0.0,-1.0,franchie,False
fr-29-247-022,29,29247,270,37,1,-1.0,1.91,monique-ranou,24.8,0.0,0.0,franchie,False
fr-72-264-003,72,72264,53,10,0,-1.0,0.67,marie,62.3,0.0,-1.0,franchie,False
fr-80-318-001,80,80318,39,16,0,-1.0,0.22,bigard,17.9,0.0,-1.5,franchie,False
fr-80-798-003,80,80798,110,5,0,-1.0,2.0,domaine-picard,50.9,0.0,-1.0,franchie,False
fr-29-097-020,29,29097,113,31,0,-1.0,1.9,carrefour,15.9,0.0,-1.0,franchie,False
fr-35-139-001,35,35139,44,14,0,-1.0,0.73,monique-ranou,20.5,0.0,0.0,franchie,False
fr-22-046-001,22,22046,241,19,1,-1.0,1.8,marque-repere,54.4,0.0,-1.0,franchie,False
fr-22-007-001,22,22007,70,18,0,-1.0,1.5,mere-lalie,48.6,0.0,-0.5,franchie,False
fr-29-233-001,29,29233,107,14,0,-1.0,0.91,bigard,48.6,0.0,-1.0,franchie,False
fr-72-039-003,72,72039,45,1,0,-1.0,1.8,charcuterie-ruel,100.0,0.0,,franchie,False
fr-29-188-020,29,29188,59,18,0,-1.0,0.61,picard,30.5,0.0,-1.0,franchie,False
fr-49-323-032,49,49323,62,17,0,-1.0,0.22,auchan,17.7,0.0,0.0,franchie,False
fr-44-190-005,44,44190,76,30,2,-1.0,0.89,paul-louise,21.1,0.0,-1.0,franchie,False
fr-67-144-001,67,67144,31,4,0,-1.0,1.7,moritz,54.8,0.0,-1.0,franchie,False
fr-57-463-001,57,57463,37,4,0,-1.0,0.2,charal,91.9,0.0,,franchie,False
fr-84-029-001,84,84029,77,19,4,-1.0,0.81,zapetti,44.2,0.0,0.0,franchie,False
fr-44-131-008,44,44131,30,20,0,-1.0,0.78,l-atelier-collet,13.3,0.0,-1.0,franchie,False
fr-14-630-043,14,14630,65,12,0,-1.0,0.62,picard,46.2,0.0,0.0,franchie,False
fr-14-752-010,14,14752,224,17,6,-1.0,0.96,tendre-plus,63.8,0.0,1.0,franchie,False
fr-22-182-001,22,22182,44,17,0,-1.0,0.7,carrefour,22.7,0.0,0.0,franchie,False
fr-84-007-020,84,84007,103,27,0,-1.0,0.72,carrefour,20.4,0.0,-1.0,franchie,False
fr-11-076-009,11,11076,72,11,0,-1.0,0.77,maison-riviere,73.6,0.0,-0.5,franchie,False
fr-12-202-001,12,12202,65,20,1,-1.0,0.9,william-saurin,44.6,0.0,-1.0,franchie,False
fr-95-018-022,95,95018,56,2,0,-1.0,1.9,inconnue,85.7,0.0,,franchie,False
fr-95-280-001,95,95280,73,15,0,-1.0,1.8,madrange,31.5,0.0,-4.0,franchie,False
fr-87-187-003,87,87187,32,13,0,-1.0,1.64,comte-de-la-seynie,34.4,0.0,-1.0,franchie,False
fr-47-252-001,47,47252,38,12,4,-0.5,0.81,marque-repere,21.1,0.0,-1.0,franchie,False
fr-56-094-013,56,56094,34,2,0,-0.5,1.8,inconnue,79.4,0.0,,franchie,False
fr-76-400-001,76,76400,45,13,1,0.0,1.6,inconnue,51.1,0.0,0.5,franchie,False
fr-72-331-001,72,72331,169,29,0,0.0,1.4,bahier,29.6,0.0,0.0,franchie,False
fr-85-215-001,85,85215,113,10,0,0.0,0.18,maitre-coq,69.0,0.0,0.0,franchie,False
fr-12-063-025,12,12063,149,24,0,0.0,3.0,despi,28.9,0.0,2.0,franchie,False
fr-56-109-001,56,56109,45,8,0,0.0,0.13,inconnue,40.0,0.0,0.0,franchie,False
fr-72-054-002,72,72054,31,6,0,0.0,1.1,bordeau-chesnel,67.7,0.0,0.0,franchie,False
fr-72-080-002,72,72080,142,33,2,0.0,0.85,socopa,39.4,0.0,0.0,franchie,False
fr-72-175-001,72,72175,53,13,3,0.0,0.57,monoprix,39.6,0.0,1.0,franchie,False
fr-61-181-001,61,61181,30,2,0,0.0,1.27,inconnue,56.7,0.0,-3.0,franchie,False
fr-61-096-020,61,61096,35,13,3,0.0,0.15,monoprix,17.1,0.0,0.0,franchie,False
fr-38-051-001,38,38051,46,12,0,0.0,0.22,carrefour,23.9,0.0,-1.0,franchie,False
fr-69-238-010,69,69238,69,24,0,0.0,4.3,carrefour,39.1,0.0,0.0,franchie,False
fr-43-262-001,43,43262,48,5,0,0.0,5.0,inconnue,77.1,0.0,0.0,franchie,False
fr-35-004-002,35,35004,30,8,0,0.0,1.3,brient,33.3,0.0,-0.5,franchie,False
fr-35-360-005,35,35360,51,6,0,0.0,1.0,jean-roze,51.0,0.0,1.0,franchie,False
fr-35-162-009,35,35162,40,8,0,0.0,1.9,biocoop,77.5,0.0,,franchie,False
fr-02-617-001,02,02617,72,20,0,0.0,0.83,panzani,26.4,0.0,0.0,franchie,False
fr-47-091-011,47,47091,50,11,0,0.0,0.84,lechef,44.0,0.0,0.0,franchie,False
fr-62-767-005,62,62767,131,3,0,0.0,1.93,herta,72.5,0.0,0.0,franchie,False
fr-63-427-001,63,63427,58,26,0,0.0,4.6,carrefour,17.2,0.0,0.0,franchie,False
fr-47-323-329,47,47323,35,12,0,0.0,0.87,inconnue,20.0,0.0,0.0,franchie,False
fr-66-172-001,66,66172,51,4,0,0.0,1.9,inconnue,51.0,0.0,0.0,franchie,False
fr-14-752-020,14,14752,273,44,0,0.0,2.0,inconnue,29.3,0.0,-1.0,franchie,False
fr-56-225-001,56,56225,43,6,0,0.0,0.15,marque-repere,41.9,0.0,0.0,franchie,False
fr-25-357-050,25,25357,33,3,0,0.0,1.76,inconnue,90.9,0.0,,franchie,False
fr-22-364-008,22,22364,63,12,0,0.0,1.2,marque-repere,47.6,0.0,0.0,franchie,False
fr-29-020-020,29,29020,36,12,0,0.0,0.67,marie,44.4,0.0,0.0,franchie,False
fr-62-865-007,62,62865,36,8,0,0.0,0.79,inconnue,27.8,0.0,-1.0,franchie,False
fr-85-086-001,85,85086,59,19,1,0.0,1.5,cora,15.3,0.0,1.0,franchie,False
fr-85-154-002,85,85154,148,13,0,0.0,0.76,fleury-michon,79.1,0.0,0.0,franchie,False
fr-85-140-001,85,85140,64,3,0,0.0,1.8,fleury-michon,96.9,0.0,,franchie,False
fr-56-261-001,56,56261,82,16,0,0.0,1.19,pere-dodu,67.1,0.0,1.0,franchie,False
fr-57-032-001,57,57032,170,37,0,0.0,4.0,carrefour,22.4,0.0,1.0,franchie,False
fr-13-083-001,13,13083,33,9,0,0.0,1.3,bigard,48.5,0.0,0.0,franchie,False
fr-85-051-003,85,85051,116,3,32,0.0,1.8,fleury-michon,94.8,0.0,,franchie,False
fr-85-059-004,85,85059,130,16,0,0.0,1.9,bioporc,32.3,0.0,0.0,franchie,False
fr-22-136-007,22,22136,48,13,0,0.0,2.0,carrefour,33.3,0.0,0.0,franchie,False
fr-10-297-001,10,10297,39,16,0,0.0,1.9,inconnue,38.5,0.0,2.0,franchie,False
fr-87-085-003,87,87085,120,23,0,0.0,1.6,madrange,50.0,0.0,0.5,franchie,False
fr-13-074-001,13,13074,53,16,0,0.0,2.0,inconnue,43.4,0.0,-1.0,franchie,False
fr-01-053-015,01,01053,35,11,0,0.0,2.1,inconnue,40.0,0.0,1.0,franchie,False
fr-22-093-001,22,22093,235,45,1,1.0,1.6,madrange,20.0,0.0,1.0,franchie,False
fr-22-225-001,22,22225,138,30,0,1.0,1.6,stephan,47.1,0.0,0.0,franchie,False
fr-87-001-001,87,87001,61,23,0,1.0,1.5,arnaud,24.6,0.0,0.0,franchie,False
fr-81-124-012,81,81124,44,7,0,1.0,4.45,maison-milhau,75.0,0.0,2.0,franchie,False
fr-12-300-005,12,12300,30,15,0,1.0,4.87,auchan,23.3,0.0,1.0,franchie,False
fr-85-233-001,85,85233,47,19,0,1.0,1.2,maitre-coq,42.6,0.0,1.0,franchie,False
fr-85-065-001,85,85065,62,15,0,1.0,1.15,maitre-coq,48.4,0.0,0.0,franchie,False
fr-29-004-023,29,29004,222,16,0,1.0,1.9,tallec,40.5,0.0,1.0,franchie,False
fr-29-051-020,29,29051,50,15,0,1.0,2.1,madrange,28.0,0.0,1.5,franchie,False
fr-22-321-008,22,22321,36,15,4,1.0,1.3,inconnue,44.4,0.0,0.0,franchie,False
fr-51-649-002,51,51649,38,14,1,1.0,0.95,carrefour,21.1,0.0,1.0,franchie,False
fr-55-545-002,55,55545,115,25,6,1.0,4.33,berni,34.8,0.0,2.0,franchie,False
fr-44-014-001,44,44014,56,22,1,1.0,1.2,pere-dodu,26.8,0.0,1.0,franchie,False
fr-56-033-008,56,56033,34,9,0,1.0,1.8,bonval,50.0,0.0,2.0,franchie,False
fr-65-375-001,65,65375,50,22,0,1.0,1.49,jean-brunet,24.0,0.0,1.0,franchie,False
fr-62-907-002,62,62907,45,5,0,1.0,3.6,gourmets-de-l-artois,57.8,0.0,1.0,franchie,False
fr-49-239-001,49,49239,41,6,0,1.0,1.9,saveurs-des-mauges,46.3,0.0,0.5,franchie,False
fr-56-010-001,56,56010,125,31,0,1.0,2.1,carrefour,20.8,0.0,1.0,franchie,False
fr-72-090-007,72,72090,43,6,0,1.0,1.5,maison-prunier,53.5,0.0,1.0,franchie,False
fr-72-132-002,72,72132,33,8,0,1.0,1.4,carrefour,51.5,0.0,1.0,franchie,False
fr-71-350-001,71,71350,43,18,0,1.0,4.8,salaisons-du-maconnais,30.2,0.0,1.0,franchie,False
fr-71-076-001,71,71076,34,8,0,1.0,1.8,inconnue,64.7,0.0,1.0,franchie,False
fr-67-348-002,67,67348,88,20,0,1.0,1.9,stoeffler,59.1,0.0,1.5,franchie,False
fr-42-165-006,42,42165,70,22,0,1.0,3.87,inconnue,14.3,0.0,1.5,franchie,False
fr-73-215-001,73,73215,63,8,0,1.0,4.5,galibier,41.3,0.0,0.0,franchie,False
fr-72-264-002,72,72264,719,45,0,1.0,1.3,le-gaulois,56.9,0.0,1.0,franchie,False
fr-76-159-001,76,76159,31,10,0,1.0,4.88,roches-blanches,45.2,0.0,1.0,franchie,False
fr-79-329-004,79,79329,91,5,0,1.0,0.8,loeul-et-piriot,81.3,0.0,-2.0,franchie,False
fr-69-027-063,69,69027,51,4,0,1.0,1.9,inconnue,52.9,0.0,1.0,franchie,False
fr-22-272-028,22,22272,74,11,0,2.0,1.5,inconnue,25.7,0.0,1.0,franchie,False
fr-61-169-002,61,61169,40,4,1,2.0,1.01,charal,90.0,0.0,,franchie,False
fr-56-246-008,56,56246,156,16,0,2.0,1.7,inconnue,57.7,0.0,0.0,franchie,False
fr-43-211-009,43,43211,55,13,0,2.0,4.8,monique-ranou,34.5,0.0,3.5,franchie,False
fr-67-348-008,67,67348,47,9,0,2.0,2.1,auchan,57.4,0.0,3.0,franchie,False
fr-72-181-005,72,72181,55,5,0,2.0,1.9,charcuterie-cosme,80.0,0.0,1.0,franchie,False
fr-42-129-001,42,42129,53,21,0,2.0,4.6,justin-bridou,15.1,0.0,2.0,franchie,False
fr-44-180-004,44,44180,170,36,0,2.0,2.3,auchan,21.2,0.0,2.0,franchie,False
fr-85-215-003,85,85215,39,16,0,2.0,1.3,inconnue,30.8,0.0,1.0,franchie,False
fr-03-315-001,03,03315,31,13,4,2.0,0.71,leader-price,32.3,0.0,2.0,franchie,False
fr-59-527-001,59,59527,34,12,0,2.0,1.9,jean-caby,50.0,0.0,2.0,franchie,False
fr-41-238-001,41,41238,46,9,5,3.0,0.26,l-etal-du-volailler,56.5,0.0,3.5,franchie,False
fr-56-017-001,56,56017,45,9,0,3.0,1.4,inconnue,37.8,0.0,4.0,franchie,False
fr-01-249-003,01,01249,90,30,4,3.0,2.2,u,22.2,0.0,2.5,franchie,False
fr-22-388-001,22,22388,44,10,0,4.0,2.5,marque-repere,54.5,0.0,5.0,franchie,False
fr-44-072-002,44,44072,65,31,3,4.0,1.4,carrefour,15.4,0.0,4.0,franchie,False
fr-39-198-004,39,39198,39,14,0,4.0,2.0,claviere,43.6,0.0,3.0,franchie,False
fr-42-175-001,42,42175,55,17,0,4.0,3.5,merle,27.3,0.0,3.0,franchie,False
fr-70-093-001,70,70093,30,9,1,4.0,2.2,inconnue,53.3,0.0,3.0,franchie,False
fr-61-096-018,61,61096,35,9,13,4.0,1.3,inconnue,28.6,0.0,5.5,franchie,False
fr-40-281-001,40,40281,31,14,0,4.5,1.4,delpeyrat,32.3,0.0,5.0,franchie,False
fr-39-475-003,39,39475,44,18,0,4.5,1.7,inconnue,22.7,0.0,4.5,franchie,False
fr-65-304-002,65,65304,47,8,0,5.0,1.2,maison-montfort,59.6,0.0,6.0,franchie,False
fr-38-012-001,38,38012,223,39,0,5.5,4.5,aoste,35.0,0.0,1.0,franchie,False
fr-07-338-002,07,07338,30,8,0,5.5,2.4,gueze,40.0,0.0,7.0,franchie,False
fr-01-159-002,01,01159,53,22,0,6.0,1.7,roland-monterrat,18.9,0.0,6.0,franchie,False
fr-85-006-001,85,85006,71,16,0,8.0,3.3,petitgas,40.8,0.0,10.0,franchie,False
fr-56-222-002,56,56222,85,17,71,8.0,2.4,reghalal,31.8,0.0,6.0,franchie,False
fr-56-166-001,56,56166,39,4,38,9.0,2.3,isla-mondial,92.3,0.0,,franchie,False
fr-42-156-006,42,42156,53,5,52,12.0,3.4,isla-delice,92.5,0.0,,franchie,False
fr-11-262-047,11,11262,97,29,0,13.0,4.7,montagne-noire,19.6,0.0,12.5,franchie,False
fr-40-261-001,40,40261,34,9,0,13.0,2.7,labeyrie,35.3,0.0,13.0,franchie,False
fr-65-100-003,65,65100,58,23,0,15.0,5.0,carrefour,37.9,0.0,14.5,franchie,False
fr-64-010-003,64,64010,31,15,0,15.0,4.9,carrefour,19.4,0.0,15.0,franchie,False
