etablissement,n_produits,n_marques,n_halal,n_temoin
fr-22-093-001,232,45,1,236
fr-72-264-002,719,44,0,728
fr-14-752-020,262,43,0,273
fr-38-012-001,222,39,0,223
fr-57-032-001,165,36,0,170
fr-29-247-022,272,36,1,271
fr-44-180-004,166,35,0,170
fr-72-080-002,146,32,2,144
fr-56-010-001,121,30,0,127
fr-29-097-020,113,30,0,113
fr-44-190-005,79,30,2,77
fr-44-072-002,61,30,3,62
fr-01-249-003,90,29,4,86
fr-22-225-001,139,29,0,139
fr-87-065-001,199,29,0,202
fr-11-262-047,97,28,0,97
fr-72-331-001,163,28,0,169
fr-84-007-020,96,26,0,103
fr-63-427-001,55,25,0,58
fr-29-269-020,94,24,0,103
fr-55-545-002,115,24,6,110
fr-12-052-003,63,23,0,67
fr-69-238-010,64,23,0,69
fr-12-063-025,148,23,0,149
fr-44-014-001,58,22,1,58
fr-65-100-003,50,22,0,58
fr-87-001-001,63,22,0,63
fr-87-085-003,118,22,0,120
fr-65-375-001,52,21,0,52
fr-01-159-002,50,21,0,53
fr-42-165-006,70,21,0,70
de-ev-42,27,20,0,28
fr-42-129-001,52,20,0,53
fr-02-617-001,70,20,0,72
fr-15-187-012,36,19,0,41
fr-67-348-002,87,19,0,88
fr-44-131-008,30,19,0,30
fr-12-202-001,67,19,1,66
fr-84-029-001,77,19,4,73
fr-39-475-003,45,18,0,45
fr-85-233-001,48,18,0,48
fr-85-086-001,59,18,1,58
fr-29-188-020,58,18,0,59
fr-22-046-001,244,18,1,243
fr-71-350-001,43,17,0,43
fr-35-196-001,119,17,0,119
fr-22-007-001,70,17,0,70
fr-79-049-002,28,16,0,28
fr-56-222-002,87,16,72,15
fr-85-006-001,72,16,0,73
fr-69-243-004,46,16,0,50
fr-56-140-006,68,16,0,73
fr-79-195-001,50,16,0,50
fr-49-323-032,62,16,0,62
fr-14-752-010,219,16,6,219
fr-42-175-001,53,16,0,55
fr-22-182-001,42,16,0,44
fr-56-261-001,83,16,0,84
fr-85-222-003,39,15,0,40
fr-85-215-003,40,15,0,40
fr-85-059-004,129,15,0,130
de-th-ev-3045,56,15,0,56
fr-80-318-001,42,15,0,42
fr-22-321-008,38,15,5,33
fr-29-004-023,216,15,0,222
fr-29-018-020,25,15,0,25
fr-13-074-001,53,15,0,53
fr-43-190-003,26,15,0,26
fr-10-297-001,39,15,0,39
fr-56-246-008,156,15,0,156
fr-76-159-003,41,14,0,41
fr-35-139-001,43,14,0,44
fr-85-065-001,62,14,0,62
fr-95-280-001,73,14,0,73
fr-29-051-020,50,14,0,50
fr-12-300-005,30,14,0,30
fr-79-005-001,42,14,0,43
fr-24-328-002,28,14,0,28
fr-40-281-001,36,14,0,36
fr-64-010-003,31,14,0,31
fr-51-649-002,38,13,1,37
fr-11-076-050,25,13,0,25
fr-11-076-006,53,13,0,55
fr-29-233-001,108,13,0,108
fr-47-252-001,41,13,4,37
fr-76-400-001,45,13,1,45
fr-01-336-001,29,13,1,28
fr-03-315-001,31,13,4,27
fr-85-222-009,34,13,0,35
fr-22-136-007,48,13,0,49
fr-39-198-004,39,13,0,39
fr-87-187-003,32,12,0,32
fr-72-175-001,53,12,3,50
fr-85-154-002,146,12,0,149
fr-71-157-028,21,12,0,21
fr-77-438-001,34,12,0,36
fr-29-020-020,36,12,0,36
fr-07-110-002,28,12,0,28
fr-42-305-004,39,12,0,39
fr-67-529-001,27,12,0,27
fr-59-527-001,34,12,0,34
fr-61-096-020,35,12,3,32
fr-43-211-009,55,12,0,55
fr-42-334-001,24,12,0,25
fr-43-211-010,36,12,0,36
fr-47-323-329,34,11,0,35
fr-21-200-001,15,11,0,15
fr-56-075-003,17,11,0,17
fr-49-099-002,159,11,1,158
fr-14-431-022,13,11,0,13
de-ni-33333,19,11,0,21
fr-64-513-004,15,11,0,15
fr-69-135-001,32,11,25,7
fr-73-006-003,19,11,0,21
fr-38-051-001,46,11,0,46
fr-22-364-008,62,11,0,63
fr-81-144-022,29,11,0,29
fr-79-195-003,295,11,0,296
fr-84-080-002,21,11,0,21
it-444-l,22,11,0,22
fr-14-630-043,65,11,0,65
fr-85-217-004,18,11,0,19
de-ev-3,10,10,0,10
fr-65-286-002,11,10,1,10
de-ni-10045,17,10,0,17
fr-22-272-028,73,10,0,74
fr-29-225-001,142,10,0,143
fr-72-264-003,53,10,0,53
fr-81-083-001,27,10,0,27
fr-76-159-001,31,10,0,31
fr-79-246-002,41,10,0,41
de-rp-03001,124,10,0,126
it-1907-l,48,10,0,48
fr-01-053-015,35,10,0,35
fr-89-069-001,39,10,5,35
fr-11-076-009,74,10,0,74
fr-47-091-011,47,10,0,51
fr-14-167-021,20,10,1,20
fr-45-147-004,43,10,0,43
fr-67-008-002,21,9,0,21
fr-14-069-022,13,9,0,13
de-nw-20028,15,9,0,15
lu-12,13,9,2,11
fr-71-056-001,41,9,0,41
fr-85-084-001,81,9,0,81
fr-84-054-001,24,9,4,20
fr-85-215-001,113,9,0,113
fr-61-096-018,36,9,13,23
es-10-13604-ge,15,9,0,15
fr-25-039-050,13,9,0,13
fr-22-388-001,45,9,0,45
fr-35-297-003,74,9,0,74
es-10-01934-ge,15,9,0,15
fr-21-231-005,18,9,0,19
de-nw-20158,11,8,0,11
fr-56-017-001,44,8,0,45
fr-13-083-001,33,8,0,33
fr-53-130-001,15,8,3,12
fr-56-091-002,21,8,0,21
be-b255,11,8,0,12
fr-60-463-013,13,8,0,13
fr-56-033-008,34,8,0,34
fr-42-170-001,12,8,0,12
fr-29-236-010,24,8,1,25
fr-38-341-005,43,8,0,43
it-h5h5g,33,8,0,33
fr-56-174-003,10,8,1,9
fr-28-280-028,10,8,1,9
fr-41-238-001,46,8,5,41
fr-79-179-002,29,8,0,29
fr-56-109-001,46,8,0,46
fr-70-093-001,30,8,1,29
fr-69-270-001,14,8,0,14
fr-64-510-003,29,8,0,29
fr-07-338-001,14,8,0,15
fr-43-262-002,15,8,0,16
fr-29-046-514,20,8,0,20
fr-40-261-001,31,8,0,34
fr-65-304-002,51,8,0,51
fr-67-482-004,19,8,0,19
fr-67-348-008,47,8,0,47
fr-12-195-007,25,8,0,25
it-n5u7e,17,7,0,21
it-n3a5j,12,7,0,12
fr-41-106-001,15,7,0,15
fr-25-411-050,14,7,0,14
fr-62-865-007,36,7,0,37
fr-24-381-001,25,7,0,25
fr-84-029-002,19,7,0,21
de-by-50008,10,7,0,10
fr-80-799-001,53,7,0,53
fr-77-053-006,20,7,0,20
fr-79-329-014,10,7,0,10
fr-73-215-001,63,7,0,63
fr-83-054-001,17,7,0,17
it-1550-l,12,7,0,12
it-335-l,13,7,0,15
it-302-l,58,7,0,58
fr-89-029-002,17,7,0,17
fr-35-004-002,30,7,0,30
fr-35-162-009,40,7,0,40
fr-32-079-030,16,7,0,16
fr-72-090-011,13,7,0,15
fr-40-020-002,12,7,0,12
fr-07-338-002,30,7,0,30
fr-62-194-002,12,7,0,12
fr-12-056-001,15,7,0,15
fr-56-078-001,14,7,1,13
fr-26-347-022,62,7,0,63
fr-12-052-009,28,7,0,28
fr-12-063-028,20,7,0,20
fr-14-762-026,20,7,0,20
fr-56-069-005,19,7,0,19
fr-50-074-001,19,7,0,19
fr-19-031-008,32,7,0,45
fr-71-004-001,10,7,0,10
fr-44-079-002,19,7,0,20
fr-71-076-001,34,7,0,34
fr-72-090-007,44,7,0,44
es-10-01865-ge,11,7,5,6
fr-72-132-002,29,7,0,34
fr-14-738-042,13,6,0,13
fr-85-182-007,11,6,0,11
de-ni-10046,12,6,11,1
fr-67-127-001,22,6,0,22
fr-46-128-002,16,6,0,17
it-272-l,12,6,0,12
fr-81-124-012,44,6,0,44
it-892-l,13,6,0,13
fr-72-054-002,31,6,0,31
fr-18-159-001,21,6,0,21
fr-29-046-500,14,6,0,14
fr-42-094-002,15,6,0,15
fr-22-182-005,11,6,1,10
fr-08-048-002,11,6,0,11
fr-44-003-002,12,6,0,12
fr-85-154-001,18,5,3,15
be-b912,37,5,2,36
fr-87-085-006,13,5,0,13
fr-03-236-001,25,5,0,25
es-10-01699-ge,16,5,0,16
fr-56-225-001,44,5,0,44
it-h360t,20,5,0,20
fr-01-224-001,27,5,0,28
fr-77-208-001,12,5,0,12
fr-36-231-017,12,5,0,12
fr-32-147-024,24,5,0,24
fr-29-174-020,19,5,0,21
fr-44-026-009,16,5,0,16
fr-69-238-001,13,5,0,13
fr-35-360-005,51,5,0,51
fr-35-068-002,28,5,1,27
fr-37-276-031,19,5,0,19
fr-28-027-005,68,5,0,68
fr-42-156-006,53,5,53,1
fr-14-762-106,14,5,0,14
fr-49-239-001,41,5,0,41
fr-26-088-011,15,5,2,13
fr-24-053-001,32,5,2,30
fr-67-008-001,11,5,0,11
fr-46-102-004,14,5,0,16
fr-59-526-002,14,5,0,14
fr-60-341-011,23,5,0,23
de-ni-11021,12,4,0,12
de-ni-11790,10,4,9,1
de-nw-ev-221,12,4,11,1
fr-03-094-007,18,4,0,18
fr-57-463-001,37,4,0,37
fr-01-451-003,13,4,0,13
it-955-l,26,4,0,26
it-607-l,16,4,0,16
fr-29-039-512,15,4,0,15
fr-81-124-068,18,4,0,18
fr-80-798-003,110,4,0,110
fr-85-164-001,11,4,0,11
fr-12-063-026,12,4,0,12
fr-12-301-002,26,4,0,26
fr-85-182-003,256,4,0,256
fr-32-132-023,12,4,0,12
fr-73-065-717,20,4,0,20
fr-72-181-005,58,4,0,58
fr-69-204-003,12,4,0,12
fr-69-028-001,25,4,0,25
fr-53-048-002,10,4,1,9
fr-56-081-001,20,4,1,19
fr-56-017-002,24,4,7,17
fr-54-265-024,21,4,0,21
fr-43-262-001,48,4,0,48
fr-41-053-002,12,4,10,2
fr-47-326-015,33,4,0,33
fr-68-166-001,25,4,0,25
fr-64-161-002,12,4,0,12
fr-67-084-002,11,4,0,11
fr-47-032-001,13,4,0,13
fr-62-907-002,45,4,0,45
fr-59-526-101,12,4,0,12
fr-59-597-001,50,4,0,50
fr-59-183-003,10,4,0,10
fr-58-079-005,18,4,0,18
fr-2b-332-001,15,4,0,19
fr-18-033-033,11,4,1,10
fr-19-031-003,13,4,0,13
fr-21-295-001,11,4,0,11
fr-21-464-002,10,4,0,10
it-x6n4x,12,4,0,12
fr-88-218-001,12,4,12,0
fr-35-136-002,18,4,0,18
fr-80-025-001,16,4,0,16
fr-79-329-004,93,4,0,93
fr-74-042-001,16,4,5,11
fr-10-362-003,13,3,0,13
fr-35-152-002,29,3,0,29
fr-22-067-001,11,3,0,11
fr-19-275-008,10,3,0,10
fr-25-346-020,12,3,0,12
it-0-4-m,12,3,3,10
fr-07-259-002,14,3,0,14
fr-05-092-001,20,3,0,20
it-1253-l,10,3,3,10
it-701-l,11,3,0,11
fr-56-166-001,40,3,39,1
it-648-l,11,3,0,11
fr-97-416-003,14,3,0,16
fr-04-112-004,10,3,0,10
es-26-00322-cc,26,3,0,26
fr-07-204-003,12,3,0,12
it-754-l,12,3,0,12
fr-24-034-001,17,3,0,17
fr-30-233-001,14,3,0,14
fr-25-493-050,14,3,0,14
it-1482-l,31,3,0,31
uk-in003,13,3,0,13
fr-38-449-003,22,3,0,22
fr-35-223-002,17,3,0,17
fr-76-681-001,11,3,0,11
fr-81-003-003,19,3,0,19
fr-31-091-010,11,3,0,11
fr-72-168-001,27,3,0,27
fr-69-201-002,16,3,0,16
fr-47-159-001,16,3,0,16
fr-53-097-001,43,3,0,43
fr-69-027-063,52,3,0,52
fr-66-172-001,51,3,0,51
fr-67-144-001,31,3,0,31
fr-59-225-104,15,3,0,15
fr-61-169-002,42,3,1,41
fr-80-751-001,10,3,0,10
fr-32-107-030,11,3,0,11
fr-72-386-002,20,3,0,20
fr-42-200-001,16,3,0,16
fr-38-336-001,10,3,0,10
fr-62-767-005,130,3,0,131
fr-24-439-004,11,2,0,11
it-68-l,13,2,0,13
fr-85-051-003,117,2,32,85
it-1157-l,10,2,0,11
fr-01-405-004,25,2,0,25
fr-88-470-033,14,2,0,14
it-0-851-m,11,2,3,13
fr-56-151-001,18,2,0,18
it-1321-l,11,2,0,11
es-10-01672-mu,14,2,0,14
it-d627x,13,2,0,13
de-by-10294,10,2,0,10
fr-85-140-001,64,2,0,64
fr-22-277-004,13,2,12,1
fr-29-058-020,16,2,0,16
fr-67-226-002,13,2,0,13
fr-61-181-001,35,2,0,35
fr-85-082-005,13,2,0,13
de-ni-10021,11,2,0,11
fr-35-124-007,15,2,0,15
fr-74-104-001,17,2,0,17
fr-35-238-019,58,2,0,58
fr-34-090-002,18,2,0,18
fr-79-049-006,11,2,0,11
fr-24-520-004,12,2,0,12
fr-26-337-021,11,2,1,10
fr-29-160-020,20,2,0,20
fr-68-066-003,17,2,0,17
fr-67-218-001,100,2,0,101
fr-67-180-007,12,2,0,12
fr-65-452-001,15,2,0,15
fr-69-043-005,12,2,0,12
fr-25-357-050,33,2,0,33
fr-59-032-001,12,2,0,12
fr-58-199-001,17,2,0,17
fr-69-259-002,15,2,0,15
fr-43-177-003,27,2,0,27
fr-42-305-003,22,2,0,22
fr-33-036-007,34,2,0,34
fr-29-075-020,11,2,0,11
fr-43-268-017,10,2,0,10
fr-88-465-001,14,1,0,14
fr-95-018-022,56,1,0,56
fr-57-160-001,17,1,0,17
fr-56-186-004,11,1,0,11
it-2008-s,12,1,0,20
fr-89-013-001,20,1,20,0
fr-56-010-003,12,1,0,12
fr-53-121-001,12,1,1,11
fr-56-094-013,34,1,0,34
fr-53-107-002,17,1,0,17
fr-61-077-012,17,1,0,17
fr-64-139-002,14,1,0,14
fr-64-024-003,46,1,0,46
fr-62-506-002,10,1,0,10
fr-67-348-009,29,1,0,29
fr-64-119-002,10,1,0,10
fr-50-127-004,11,1,0,11
fr-44-102-002,12,1,0,12
fr-22-300-001,13,1,0,13
fr-72-264-005,11,1,1,10
fr-72-039-003,45,1,0,45
fr-2b-042-001,10,1,0,10
fr-38-193-001,10,1,0,10
fr-35-223-001,11,1,0,11
fr-25-240-005,14,1,0,14
fr-29-125-020,24,1,0,24
fr-84-106-001,12,1,0,12
fr-14-514-023,12,1,0,13
fr-16-015-015,10,1,0,10
fr-19-073-002,11,1,0,12
fr-88-160-450,12,1,2,10
fr-33-038-007,10,0,0,10
fr-84-007-006,12,0,0,12
fr-74-007-002,11,0,0,11
