product_code,price,price_is_discounted,price_without_discount,currency,price_per,date,location_osm_type,location_osm_id,category_tag
3263670455014,2.95,False,,EUR,,2023-11-27,NODE,1392117416,
3263670790214,4.3,False,,EUR,,2023-11-27,NODE,1392117416,
3302016002014,7.39,False,,EUR,,2023-11-27,NODE,1392117416,
3307130602553,5.75,False,,EUR,,2023-11-27,NODE,1392117416,
3329489900586,4.02,False,,EUR,,2023-11-27,NODE,1392117416,
3347434889816,2.89,False,,EUR,,2023-11-27,NODE,1392117416,
3456300007930,2.73,False,,EUR,,2023-11-27,NODE,1392117416,
3456300010503,2.99,False,,EUR,,2023-11-27,NODE,1392117416,
3468310000245,33.11,False,,EUR,,2023-11-27,NODE,1392117416,
3468310000306,31.92,False,,EUR,,2023-11-27,NODE,1392117416,
3760020509347,3.26,False,,EUR,,2023-11-27,NODE,1392117416,
3760094450170,4.68,False,,EUR,,2023-11-27,NODE,1392117416,
8717496903617,3.69,False,,EUR,,2023-11-27,NODE,1392117416,
26018294,2.79,False,,EUR,,2024-01-05,NODE,1793355690,
26067780,3.89,False,,EUR,,2024-01-05,NODE,1793355690,
26013077,2.19,False,,EUR,,2024-01-05,NODE,1793355690,
26026596,1.99,False,,EUR,,2024-01-05,NODE,1793355690,
26008103,1.59,False,,EUR,,2024-01-05,NODE,1793355690,
3038350013002,0.99,False,,EUR,,2024-01-07,WAY,27108404,
3250392654023,1.77,False,,EUR,,2024-01-13,WAY,71133895,
3266980035303,3.73,False,,EUR,,2024-01-19,WAY,872934393,
3154230809548,4.99,False,,EUR,,2024-01-18,NODE,3724356275,
8076809513678,2.47,False,,EUR,,2024-01-24,WAY,872934393,
8008343299664,4.01,False,,EUR,,2024-01-24,WAY,872934393,
3038359004155,2.66,False,,EUR,,2024-01-24,WAY,872934393,
3038359007620,2.94,False,,EUR,,2024-01-24,WAY,872934393,
3038359004582,1.6,False,,EUR,,2024-01-24,WAY,872934393,
3596710447374,2.05,False,,EUR,,2024-01-24,WAY,872934393,
3596710447381,3.1,False,,EUR,,2024-01-24,WAY,872934393,
3596710447367,1.18,False,,EUR,,2024-01-24,WAY,872934393,
3038359010507,3.79,False,,EUR,,2024-01-24,WAY,872934393,
3560071096281,2.09,False,,EUR,,2024-01-25,NODE,1631644114,
30182165,1.19,False,,EUR,,2024-01-25,WAY,872934393,
3183280033290,2.95,False,,EUR,,2024-01-26,WAY,872934393,
8410764013734,2.39,False,,EUR,,2024-01-13,WAY,1115806596,
3154230802228,2.39,False,,EUR,,2024-01-25,NODE,9396525327,
3256220061100,2.82,False,,EUR,,2024-01-25,NODE,9396525327,
3181231002050,10.44,False,,EUR,,2024-01-27,NODE,4665329150,
3248830001324,5.95,False,,EUR,,2024-01-20,WAY,1156618039,
1904864550000,10.95,False,,EUR,,2024-01-07,NODE,6488466585,
3038350013002,1.28,False,,EUR,,2024-02-01,NODE,3105429739,
3245415348812,3.9,False,,EUR,,2024-01-30,WAY,35437649,
3245415851374,3.79,False,,EUR,,2024-01-30,WAY,35437649,
3564709164847,6.29,False,,EUR,,2024-02-01,NODE,8076120629,
3270190023661,2.19,False,,EUR,,2024-01-22,WAY,35437649,
3266140057824,4.78,False,,EUR,,2024-02-03,WAY,204128538,
3261055930460,5.49,False,,EUR,,2024-02-03,WAY,74918337,
3250391239191,1.86,False,,EUR,,2024-02-04,NODE,2073144718,
3760269070417,4.23,False,,EUR,,2024-02-04,WAY,872934393,
3596710491667,4.34,False,,EUR,,2024-02-04,WAY,872934393,
5413110068535,5.25,False,,EUR,,2024-02-04,WAY,872934393,
3596710375400,4.03,False,,EUR,,2024-02-04,WAY,872934393,
3596710325399,6.95,False,,EUR,,2024-02-04,WAY,872934393,
3596710403592,3.64,False,,EUR,,2024-02-04,WAY,872934393,
3596710530687,3.79,False,,EUR,,2024-02-04,WAY,872934393,
3596710303632,2.7,False,,EUR,,2024-02-06,WAY,872934393,
5011308303194,3.75,False,,EUR,,2024-02-07,NODE,1443462548,
3230890014000,8.29,False,,EUR,,2024-02-07,NODE,1443462548,
3038359007620,2.71,False,,EUR,,2024-02-07,WAY,27108404,
3038354190709,2.24,False,,EUR,,2024-02-07,WAY,27108404,
3038359007651,1.89,False,,EUR,,2024-02-07,WAY,27108404,
3038359007101,3.68,False,,EUR,,2024-02-07,WAY,27108404,
3038359007644,3.57,False,,EUR,,2024-02-07,WAY,27108404,
3021690017298,2.12,False,,EUR,,2024-02-07,WAY,27108404,
3250390108245,1.19,False,,EUR,,2024-02-07,WAY,27108404,
3250390171935,2.05,False,,EUR,,2024-02-10,NODE,246286922,
3350033980822,6.35,False,,EUR,,2024-02-11,WAY,74647496,
3350033977884,5.39,False,,EUR,,2024-02-11,WAY,74647496,
3302740057465,3.99,False,,EUR,,2024-02-11,WAY,74647496,
3302740606106,4.79,False,,EUR,,2024-02-11,WAY,74647496,
3302740447020,4.85,False,,EUR,,2024-02-11,WAY,74647496,
3248830242390,5.19,False,,EUR,,2024-02-11,WAY,74647496,
3248830687559,5.39,False,,EUR,,2024-02-11,WAY,74647496,
3248832967284,4.19,False,,EUR,,2024-02-11,WAY,74647496,
3248832940522,5.39,False,,EUR,,2024-02-11,WAY,74647496,
3248830001645,5.69,False,,EUR,,2024-02-11,WAY,74647496,
3011250013549,2.39,False,,EUR,,2024-02-11,WAY,74647496,
3596690760487,5.09,False,,EUR,,2024-02-11,WAY,74647496,
3367651008456,5.79,False,,EUR,,2024-02-11,WAY,74647496,
3248830720188,6.59,False,,EUR,,2024-02-11,WAY,74647496,
3154230809517,3.69,False,,EUR,,2024-02-11,WAY,74647496,
3154230809272,1.89,False,,EUR,,2024-02-11,WAY,74647496,
3154230809838,2.09,False,,EUR,,2024-02-11,WAY,74647496,
3154230809425,6.19,False,,EUR,,2024-02-11,WAY,74647496,
3302740047336,2.19,False,,EUR,,2024-02-11,WAY,74647496,
3154230801467,1.95,False,,EUR,,2024-02-11,WAY,74647496,
3154230801269,1.95,False,,EUR,,2024-02-11,WAY,74647496,
3154230801313,2.15,False,,EUR,,2024-02-11,WAY,74647496,
3033610002796,3.89,False,,EUR,,2024-02-11,WAY,74647496,
3449840002244,4.49,False,,EUR,,2024-02-11,WAY,74647496,
3449865379482,3.39,False,,EUR,,2024-02-11,WAY,74647496,
3449865240898,3.15,False,,EUR,,2024-02-11,WAY,74647496,
3302740021244,3.49,False,,EUR,,2024-02-11,WAY,74647496,
3302740024504,2.49,False,,EUR,,2024-02-11,WAY,74647496,
3038359007736,4.6,False,,EUR,,2024-02-12,NODE,1443462548,
3487400006981,1.99,False,,EUR,,2024-02-12,NODE,1443462548,
3261055951441,2.89,False,,EUR,,2024-02-14,WAY,75521876,
3250392654023,1.77,False,,EUR,,2024-02-13,WAY,71133895,
3240931540573,3.17,False,,EUR,,2024-02-15,NODE,5163093760,
3242272256854,3.16,False,,EUR,,2024-02-15,NODE,5163093760,
3256477081029,8.54,False,,EUR,,2024-02-15,WAY,75521876,
3379670016442,2.88,False,,EUR,,2024-02-15,WAY,75521876,
3379670012468,2.65,False,,EUR,,2024-02-15,WAY,75521876,
3250390787266,3.29,False,,EUR,,2024-02-15,WAY,75521876,
3049580545560,2.24,False,,EUR,,2024-02-15,WAY,75521876,
3384110004736,2.3,False,,EUR,,2018-03-27,WAY,134511596,
3596710430161,2.02,False,,EUR,,2018-03-27,WAY,134511596,
3449851140553,4.05,False,,EUR,,2018-03-27,WAY,134511596,
3095758863011,2.25,False,,EUR,,2018-04-10,WAY,134511596,
7613036012546,1.95,False,,EUR,,2018-04-10,WAY,134511596,
3596710333899,1.57,False,,EUR,,2018-04-10,WAY,134511596,
7613035780491,2.69,False,,EUR,,2018-04-10,WAY,134511596,
3596710430161,2.02,False,,EUR,,2018-05-03,WAY,134511596,
3266980307608,3.39,False,,EUR,,2018-05-03,WAY,134511596,
3384110004736,2.3,False,,EUR,,2018-05-03,WAY,134511596,
5762385060028,1.45,False,,EUR,,2018-05-03,WAY,134511596,
3266980035303,2.99,False,,EUR,,2018-05-24,WAY,134511596,
3443705010535,5.55,False,,EUR,,2018-05-24,WAY,134511596,
3596710295180,4.33,False,,EUR,,2018-05-24,WAY,134511596,
3384110004804,2.0,False,,EUR,,2018-05-29,WAY,134511596,
3596710295173,4.36,False,,EUR,,2018-05-29,WAY,134511596,
3266980035303,2.99,False,,EUR,,2018-06-12,WAY,134511596,
3254566570577,5.09,False,,EUR,,2018-06-23,WAY,134511596,
3095756217014,2.69,False,,EUR,,2018-06-23,WAY,134511596,
3596710430161,2.02,False,,EUR,,2018-06-23,WAY,134511596,
3596710430161,2.02,False,,EUR,,2018-07-03,WAY,134511596,
3095758592010,2.85,False,,EUR,,2018-07-03,WAY,134511596,
3449865268250,3.45,False,,EUR,,2018-08-03,WAY,134511596,
3384110004736,2.3,False,,EUR,,2018-08-09,WAY,134511596,
3596710295180,4.33,False,,EUR,,2018-08-09,WAY,134511596,
3254560077225,0.87,False,,EUR,,2018-08-14,WAY,134511596,
3596710222094,2.57,False,,EUR,,2018-09-04,WAY,134511596,
3038352880206,1.05,False,,EUR,,2018-09-04,WAY,134511596,
3596710410019,1.04,False,,EUR,,2018-09-04,WAY,134511596,
3596710436538,2.31,False,,EUR,,2018-09-04,WAY,134511596,
3596710451159,2.55,False,,EUR,,2018-09-04,WAY,134511596,
3596710430161,2.02,False,,EUR,,2018-09-14,WAY,134511596,
3095758914010,1.39,False,,EUR,,2018-09-14,WAY,134511596,
7613035832022,2.69,False,,EUR,,2018-09-14,WAY,134511596,
3242272500056,3.05,False,,EUR,,2018-09-14,WAY,134511596,
3038359004582,1.19,False,,EUR,,2018-09-25,WAY,134511596,
3596710430161,2.02,False,,EUR,,2018-09-25,WAY,134511596,
3038352880909,1.85,False,,EUR,,2018-09-28,WAY,134511596,
3384110004736,2.3,False,,EUR,,2018-09-28,WAY,134511596,
3596710384877,3.89,False,,EUR,,2018-09-28,WAY,134511596,
3266980035303,2.99,False,,EUR,,2018-10-02,WAY,134511596,
3596710430161,2.02,False,,EUR,,2018-10-02,WAY,134511596,
3038352880909,1.85,False,,EUR,,2018-10-02,WAY,134511596,
3384110004736,2.3,False,,EUR,,2018-10-09,WAY,134511596,
3254565417873,3.94,False,,EUR,,2018-10-09,WAY,134511596,
3596710019786,1.14,False,,EUR,,2018-10-17,WAY,134511596,
3449860415703,2.39,False,,EUR,,2018-10-17,WAY,134511596,
3770002589250,3.99,False,,EUR,,2018-10-17,WAY,134511596,
3266980035303,2.99,False,,EUR,,2018-10-17,WAY,134511596,
3596710222094,2.57,False,,EUR,,2018-10-25,WAY,134511596,
3095757370015,2.49,False,,EUR,,2018-10-25,WAY,134511596,
3266980307608,3.39,False,,EUR,,2018-10-29,WAY,134511596,
3038352880909,1.85,False,,EUR,,2018-10-31,WAY,134511596,
3596710370429,2.19,False,,EUR,,2018-10-31,WAY,134511596,
3095756217014,2.69,False,,EUR,,2018-11-03,WAY,134511596,
3254560077225,0.87,False,,EUR,,2018-11-03,WAY,134511596,
7613035832053,1.55,False,,EUR,,2018-11-03,WAY,134511596,
3596710430161,2.02,False,,EUR,,2018-11-07,WAY,134511596,
3596710062942,5.35,False,,EUR,,2018-11-07,WAY,134511596,
3449865267482,2.69,False,,EUR,,2018-11-09,WAY,134511596,
3177180000049,2.6,False,,EUR,,2018-11-09,WAY,134511596,
3596710384846,3.99,False,,EUR,,2018-11-09,WAY,134511596,
3384110000905,2.0,False,,EUR,,2018-11-15,WAY,134511596,
3266980307608,3.39,False,,EUR,,2018-11-22,WAY,134511596,
3266980035303,2.99,False,,EUR,,2018-11-23,WAY,134511596,
3298081711015,4.55,False,,EUR,,2018-11-23,WAY,134511596,
3095759133014,2.49,False,,EUR,,2018-11-26,WAY,134511596,
3166352967907,3.95,False,,EUR,,2018-11-26,WAY,134511596,
3384110004804,2.0,False,,EUR,,2018-11-30,WAY,134511596,
3384110004736,2.3,False,,EUR,,2018-11-30,WAY,134511596,
3181231001732,4.95,False,,EUR,,2018-11-30,WAY,134511596,
3302741968104,2.75,False,,EUR,,2018-11-30,WAY,134511596,
3449865283093,3.99,False,,EUR,,2018-11-30,WAY,134511596,
3375220000244,3.95,False,,EUR,,2018-11-30,WAY,134511596,
3384110004729,2.0,False,,EUR,,2018-12-04,WAY,134511596,
5762385060028,1.45,False,,EUR,,2018-12-04,WAY,134511596,
3596710062942,5.35,False,,EUR,,2018-12-04,WAY,134511596,
3384110000905,2.0,False,,EUR,,2018-12-07,WAY,134511596,
3449865283192,3.69,False,,EUR,,2018-12-13,WAY,134511596,
3596710384877,3.89,False,,EUR,,2018-12-14,WAY,134511596,
3596710414963,2.19,False,,EUR,,2018-12-14,WAY,134511596,
3266980035303,2.99,False,,EUR,,2018-12-21,WAY,134511596,
3596710019786,1.14,False,,EUR,,2018-12-21,WAY,134511596,
3254560331440,12.9,False,,EUR,,2018-12-21,WAY,134511596,
3596710430130,2.34,False,,EUR,,2018-12-22,WAY,134511596,
3254566570577,5.19,False,,EUR,,2018-12-28,WAY,134511596,
3384110004736,2.3,False,,EUR,,2018-12-29,WAY,134511596,
3449851140553,4.05,False,,EUR,,2019-01-02,WAY,134511596,
3449865267901,2.75,False,,EUR,,2019-01-02,WAY,134511596,
3254560378063,2.47,False,,EUR,,2019-01-02,WAY,134511596,
3323790601279,2.99,False,,EUR,,2019-01-02,WAY,134511596,
3254560378063,2.47,False,,EUR,,2019-01-03,WAY,134511596,
3323790601279,2.99,False,,EUR,,2019-01-04,WAY,134511596,
3449850415072,2.55,False,,EUR,,2019-01-04,WAY,134511596,
3254560164680,3.13,False,,EUR,,2019-01-04,WAY,134511596,
3298081711015,4.55,False,,EUR,,2019-01-16,WAY,134511596,
3384110004729,2.2,False,,EUR,,2019-01-17,WAY,134511596,
3596710295180,4.43,False,,EUR,,2019-01-17,WAY,134511596,
3596710353347,2.71,False,,EUR,,2019-01-17,WAY,134511596,
3384110004736,2.3,False,,EUR,,2019-01-25,WAY,134511596,
3375220000244,3.95,False,,EUR,,2019-01-25,WAY,134511596,
7613035989535,2.69,False,,EUR,,2019-02-06,WAY,134511596,
3384110004736,2.3,False,,EUR,,2019-02-14,WAY,134511596,
3596710384877,3.89,False,,EUR,,2019-02-21,WAY,134511596,
3596710333899,1.57,False,,EUR,,2019-02-21,WAY,134511596,
3254560070486,1.11,False,,EUR,,2019-02-21,WAY,134511596,
3038352880909,1.85,False,,EUR,,2019-02-21,WAY,134511596,
3596710342761,3.99,False,,EUR,,2019-02-26,WAY,134511596,
3298081711015,4.55,False,,EUR,,2019-03-05,WAY,134511596,
3596710384877,3.89,False,,EUR,,2019-03-23,WAY,134511596,
3596710430161,2.18,False,,EUR,,2019-03-28,WAY,134511596,
3266980035303,2.99,False,,EUR,,2019-04-05,WAY,134511596,
3375220000244,3.95,False,,EUR,,2019-04-05,WAY,134511596,
3596710285457,1.15,False,,EUR,,2019-04-05,WAY,134511596,
3596710384877,3.89,False,,EUR,,2019-04-05,WAY,134511596,
3021690017267,1.4,False,,EUR,,2019-04-05,WAY,134511596,
3384110004736,2.3,False,,EUR,,2019-04-12,WAY,134511596,
3596710364626,2.25,False,,EUR,,2019-04-17,WAY,134511596,
3298081711015,4.55,False,,EUR,,2019-04-17,WAY,134511596,
3254560331440,9.95,False,,EUR,,2019-04-17,WAY,134511596,
3596710342761,3.99,False,,EUR,,2019-04-26,WAY,134511596,
3384110004736,2.3,False,,EUR,,2019-04-26,WAY,134511596,
3038353912708,1.75,False,,EUR,,2019-04-26,WAY,134511596,
3384110000905,2.2,False,,EUR,,2019-05-02,WAY,134511596,
3384110004736,2.3,False,,EUR,,2019-05-17,WAY,134511596,
3770002589298,3.99,False,,EUR,,2019-05-17,WAY,134511596,
7613035989535,3.05,False,,EUR,,2019-05-23,WAY,134511596,
3449865268106,4.19,False,,EUR,,2019-05-23,WAY,134511596,
7613036761451,2.19,False,,EUR,,2019-05-23,WAY,134511596,
3266980035303,2.99,False,,EUR,,2019-05-29,WAY,134511596,
3254560378063,2.47,False,,EUR,,2019-06-14,WAY,134511596,
3596710384877,3.99,False,,EUR,,2019-06-14,WAY,134511596,
3095751627016,2.89,False,,EUR,,2019-07-16,WAY,134511596,
3266980035303,3.35,False,,EUR,,2019-07-26,WAY,134511596,
3375220021225,3.95,False,,EUR,,2019-08-01,WAY,134511596,
3095756217014,2.8,False,,EUR,,2019-08-01,WAY,134511596,
3254560378063,2.47,False,,EUR,,2019-08-09,WAY,134511596,
3254566468089,2.09,False,,EUR,,2019-08-17,WAY,134511596,
3384110004736,2.0,False,,EUR,,2019-09-05,WAY,134511596,
7613036012546,1.95,False,,EUR,,2019-09-05,WAY,134511596,
3596710384877,4.19,False,,EUR,,2019-09-05,WAY,134511596,
3596710464760,1.04,False,,EUR,,2019-09-13,WAY,134511596,
7613035989535,3.15,False,,EUR,,2019-10-08,WAY,134511596,
3476302763528,5.65,False,,EUR,,2019-10-17,WAY,134511596,
3384110004736,2.0,False,,EUR,,2019-10-17,WAY,134511596,
3596710430161,2.02,False,,EUR,,2019-10-31,WAY,134511596,
3323790610271,3.19,False,,EUR,,2019-10-31,WAY,134511596,
3449865241116,3.85,False,,EUR,,2019-10-31,WAY,134511596,
3254560331440,13.55,False,,EUR,,2019-10-31,WAY,134511596,
3384110004736,2.0,False,,EUR,,2019-12-03,WAY,134511596,
3596710295180,4.66,False,,EUR,,2019-12-03,WAY,134511596,
3596710466306,24.95,False,,EUR,,2019-12-17,WAY,134511596,
3596710295173,4.78,False,,EUR,,2019-12-31,WAY,134511596,
3596710430161,2.32,False,,EUR,,2019-12-31,WAY,134511596,
3095751627016,2.99,False,,EUR,,2020-01-09,WAY,134511596,
3038352880206,1.19,False,,EUR,,2020-01-10,WAY,134511596,
7613036012546,2.25,False,,EUR,,2020-01-15,WAY,134511596,
3266980035303,2.99,False,,EUR,,2020-01-15,WAY,134511596,
3021690101249,2.45,False,,EUR,,2020-01-15,WAY,134511596,
3596710370719,1.71,False,,EUR,,2020-01-15,WAY,134511596,
3095757370015,2.4,False,,EUR,,2020-01-29,WAY,134511596,
3242273204052,1.39,False,,EUR,,2020-01-29,WAY,134511596,
3596710295180,4.66,False,,EUR,,2020-01-29,WAY,134511596,
7613035989535,2.49,False,,EUR,,2020-02-19,WAY,134511596,
3038352880206,1.19,False,,EUR,,2020-03-02,WAY,134511596,
3596710295173,4.78,False,,EUR,,2020-03-02,WAY,134511596,
3181231001732,4.99,False,,EUR,,2020-03-03,WAY,134511596,
3384110004736,2.0,False,,EUR,,2020-03-03,WAY,134511596,
3261055930439,1.49,False,,EUR,,2020-03-05,WAY,134511596,
3298081501388,4.15,False,,EUR,,2020-03-07,WAY,134511596,
3242273204052,1.39,False,,EUR,,2020-03-07,WAY,134511596,
3596710333899,1.57,False,,EUR,,2020-03-11,WAY,134511596,
3596710430161,2.63,False,,EUR,,2020-04-30,WAY,134511596,
7613035989535,3.25,False,,EUR,,2020-04-30,WAY,134511596,
3596710295180,4.66,False,,EUR,,2020-05-12,WAY,134511596,
3254561046954,2.49,False,,EUR,,2020-05-15,WAY,134511596,
3254560077225,0.72,False,,EUR,,2020-05-15,WAY,134511596,
3049580543405,2.39,False,,EUR,,2020-05-15,WAY,134511596,
3596710430161,2.63,False,,EUR,,2020-05-27,WAY,134511596,
3596710295180,4.66,False,,EUR,,2020-05-27,WAY,134511596,
3596710424375,3.45,False,,EUR,,2020-05-27,WAY,134511596,
3596710430161,2.63,False,,EUR,,2020-06-16,WAY,134511596,
3254560023352,1.74,False,,EUR,,2020-06-26,WAY,134511596,
3095758048012,1.89,False,,EUR,,2020-07-09,WAY,134511596,
3596710384877,4.39,False,,EUR,,2020-07-27,WAY,134511596,
3596710424375,3.29,False,,EUR,,2020-07-27,WAY,134511596,
3254560023352,1.74,False,,EUR,,2020-07-27,WAY,134511596,
3021690029147,2.15,False,,EUR,,2020-08-01,WAY,134511596,
3449865293832,3.85,False,,EUR,,2020-08-01,WAY,134511596,
3242273204052,1.39,False,,EUR,,2020-08-01,WAY,134511596,
3596710430161,2.63,False,,EUR,,2020-08-01,WAY,134511596,
3596710430154,2.63,False,,EUR,,2020-09-16,WAY,134511596,
3596710199303,6.6,False,,EUR,,2020-09-16,WAY,134511596,
3449865293832,3.95,False,,EUR,,2020-09-16,WAY,134511596,
7613037406955,2.15,False,,EUR,,2020-09-16,WAY,134511596,
3596710384860,2.29,False,,EUR,,2020-09-24,WAY,134511596,
5762385060028,1.55,False,,EUR,,2020-09-24,WAY,134511596,
3596710430161,2.63,False,,EUR,,2020-10-13,WAY,134511596,
3449865293832,3.95,False,,EUR,,2020-10-22,WAY,134511596,
7613036761451,2.29,False,,EUR,,2020-10-28,WAY,134511596,
5762385060028,1.55,False,,EUR,,2020-10-28,WAY,134511596,
3449865241116,3.95,False,,EUR,,2020-10-28,WAY,134511596,
3596710062942,7.56,False,,EUR,,2020-12-07,WAY,134511596,
3596710457007,9.9,False,,EUR,,2020-12-07,WAY,134511596,
3254560378063,2.78,False,,EUR,,2020-12-18,WAY,134511596,
7613036012546,2.25,False,,EUR,,2020-12-18,WAY,134511596,
3596710414963,2.29,False,,EUR,,2020-12-18,WAY,134511596,
3596710358496,4.39,False,,EUR,,2021-01-11,WAY,134511596,
3596710384877,4.39,False,,EUR,,2021-01-11,WAY,134511596,
7613036012546,2.25,False,,EUR,,2021-01-11,WAY,134511596,
3227061001112,5.89,False,,EUR,,2021-01-19,WAY,134511596,
3596710222100,3.32,False,,EUR,,2021-01-26,WAY,134511596,
7613036012546,2.25,False,,EUR,,2021-01-28,WAY,134511596,
3021690029147,2.15,False,,EUR,,2021-02-06,WAY,134511596,
5762385060028,1.55,False,,EUR,,2021-02-16,WAY,134511596,
3302749896027,3.05,False,,EUR,,2021-02-16,WAY,134511596,
3596710450411,1.73,False,,EUR,,2021-02-16,WAY,134511596,
3596710450411,1.73,False,,EUR,,2021-02-16,WAY,134511596,
3596710450411,1.73,False,,EUR,,2021-02-16,WAY,134511596,
3254566570577,4.99,False,,EUR,,2021-02-25,WAY,134511596,
3449865293757,3.89,False,,EUR,,2021-03-06,WAY,134511596,
3449865293139,3.95,False,,EUR,,2021-03-18,WAY,134511596,
3449865333378,2.69,False,,EUR,,2021-03-19,WAY,134511596,
3038352880206,1.19,False,,EUR,,2021-03-19,WAY,134511596,
3254566468089,1.99,False,,EUR,,2021-03-23,WAY,134511596,
3450160005051,4.59,False,,EUR,,2021-04-24,WAY,134511596,
7613035989597,1.85,False,,EUR,,2021-04-24,WAY,134511596,
3449865293139,3.95,False,,EUR,,2021-05-03,WAY,134511596,
3596710430161,2.57,False,,EUR,,2021-05-27,WAY,134511596,
3302740047312,2.69,False,,EUR,,2021-05-27,WAY,134511596,
3596710222100,3.32,False,,EUR,,2021-05-27,WAY,134511596,
3254560325319,5.95,False,,EUR,,2021-06-18,WAY,134511596,
3449865267901,2.99,False,,EUR,,2021-06-23,WAY,134511596,
3596710483846,4.46,False,,EUR,,2021-08-04,WAY,134511596,
3033210822992,4.45,False,,EUR,,2021-08-14,WAY,134511596,
7613034225795,3.89,False,,EUR,,2021-08-14,WAY,134511596,
3449865293139,3.95,False,,EUR,,2021-08-14,WAY,134511596,
3449840002244,3.65,False,,EUR,,2021-08-20,WAY,134511596,
3596710430161,2.57,False,,EUR,,2021-08-20,WAY,134511596,
3095754220016,2.55,False,,EUR,,2021-08-25,WAY,134511596,
3240931533841,2.69,False,,EUR,,2021-09-17,WAY,134511596,
3596710430161,2.57,False,,EUR,,2021-09-17,WAY,134511596,
3449865293139,3.95,False,,EUR,,2021-10-07,WAY,134511596,
3596710468959,2.06,False,,EUR,,2021-10-07,WAY,134511596,
3270270004887,2.99,False,,EUR,,2021-10-07,WAY,134511596,
3254565418566,3.4,False,,EUR,,2021-10-14,WAY,134511596,
3449860415727,3.19,False,,EUR,,2021-10-19,WAY,134511596,
3449865241116,3.49,False,,EUR,,2021-10-28,WAY,134511596,
7613036761130,2.15,False,,EUR,,2021-11-01,WAY,134511596,
3227061001112,6.05,False,,EUR,,2021-11-01,WAY,134511596,
3333681030439,5.55,False,,EUR,,2021-11-17,WAY,134511596,
3596710295173,4.89,False,,EUR,,2021-11-29,WAY,134511596,
3302740975103,2.75,False,,EUR,,2021-11-29,WAY,134511596,
7613037407051,3.49,False,,EUR,,2021-12-01,WAY,134511596,
3227061000023,8.05,False,,EUR,,2021-12-01,WAY,134511596,
3596710062942,7.56,False,,EUR,,2021-12-03,WAY,134511596,
3596710199303,6.6,False,,EUR,,2021-12-13,WAY,134511596,
3596710451203,2.57,False,,EUR,,2021-12-22,WAY,134511596,
3154230802259,1.89,False,,EUR,,2022-01-14,WAY,134511596,
3038352880206,1.19,False,,EUR,,2022-01-28,WAY,134511596,
3302740047398,1.99,False,,EUR,,2022-02-24,WAY,134511596,
3449865293832,3.99,False,,EUR,,2022-03-01,WAY,134511596,
3038352880206,1.19,False,,EUR,,2022-03-11,WAY,134511596,
3154230802167,2.25,False,,EUR,,2022-03-11,WAY,134511596,
3095758049019,2.85,False,,EUR,,2022-03-18,WAY,134511596,
3254560378063,2.82,False,,EUR,,2022-04-02,WAY,134511596,
8710557008382,4.9,False,,EUR,,2022-04-05,WAY,134511596,
8710557008382,4.9,False,,EUR,,2022-04-05,WAY,134511596,
3302740050268,3.52,False,,EUR,,2022-04-11,WAY,134511596,
3049580543405,2.55,False,,EUR,,2022-04-23,WAY,134511596,
3375220201306,4.19,False,,EUR,,2022-04-23,WAY,134511596,
3596710370429,2.49,False,,EUR,,2022-04-23,WAY,134511596,
3596710339600,5.69,False,,EUR,,2022-04-23,WAY,134511596,
3449860412979,3.79,False,,EUR,,2022-04-29,WAY,134511596,
3256477045106,6.6,False,,EUR,,2022-05-04,WAY,134511596,
3256477038528,6.6,False,,EUR,,2022-05-04,WAY,134511596,
3256477045106,6.6,False,,EUR,,2022-05-04,WAY,134511596,
3256477038528,6.6,False,,EUR,,2022-05-04,WAY,134511596,
3323790610462,4.19,False,,EUR,,2022-05-04,WAY,134511596,
3254565418566,4.25,False,,EUR,,2022-06-20,WAY,134511596,
3596710199303,6.6,False,,EUR,,2022-07-01,WAY,134511596,
3449865293832,4.39,False,,EUR,,2022-08-10,WAY,134511596,
3154230802341,1.89,False,,EUR,,2022-09-08,WAY,134511596,
3270270001633,2.37,False,,EUR,,2022-09-15,WAY,134511596,
3596710461950,6.99,False,,EUR,,2022-09-16,WAY,134511596,
3596710199303,6.71,False,,EUR,,2022-10-01,WAY,134511596,
3154230802341,1.99,False,,EUR,,2022-10-06,WAY,134511596,
3095758048012,2.15,False,,EUR,,2022-10-25,WAY,134511596,
5410721550732,1.59,False,,EUR,,2022-10-25,WAY,134511596,
3596710416622,3.79,False,,EUR,,2022-10-27,WAY,134511596,
3596710199303,6.71,False,,EUR,,2022-10-27,WAY,134511596,
3154230802341,2.59,False,,EUR,,2022-12-01,WAY,134511596,
3181231001732,6.99,False,,EUR,,2022-12-01,WAY,134511596,
3302740047404,3.39,False,,EUR,,2022-12-01,WAY,134511596,
3254560077225,1.12,False,,EUR,,2022-12-08,WAY,134511596,
3254560378063,3.07,False,,EUR,,2022-12-14,WAY,134511596,
3596710199303,6.48,False,,EUR,,2023-01-04,WAY,134511596,
3154230801054,3.32,False,,EUR,,2023-01-06,WAY,134511596,
3596710451203,2.45,False,,EUR,,2023-01-06,WAY,134511596,
3596710199303,6.55,False,,EUR,,2023-01-24,WAY,134511596,
3038352880206,1.61,False,,EUR,,2023-01-24,WAY,134511596,
3248830116547,3.69,False,,EUR,,2023-01-28,WAY,134511596,
3248830116530,3.29,False,,EUR,,2023-02-13,WAY,134511596,
3154230809869,3.74,False,,EUR,,2023-02-21,WAY,134511596,
3325420893252,6.55,False,,EUR,,2023-02-21,WAY,134511596,
3095758048012,2.24,False,,EUR,,2023-02-27,WAY,134511596,
3254560378063,3.36,False,,EUR,,2023-03-03,WAY,134511596,
5410721550732,1.62,False,,EUR,,2023-03-03,WAY,134511596,
3181231001732,8.75,False,,EUR,,2023-03-25,WAY,134511596,
3596710430130,3.12,False,,EUR,,2023-03-31,WAY,134511596,
3302740047398,2.41,False,,EUR,,2023-04-05,WAY,134511596,
3254560023352,2.33,False,,EUR,,2023-04-05,WAY,134511596,
3596710430123,3.27,False,,EUR,,2023-04-11,WAY,134511596,
3302740047367,3.38,False,,EUR,,2023-04-11,WAY,134511596,
3254560077225,1.58,False,,EUR,,2023-04-13,WAY,134511596,
3596710450411,2.19,False,,EUR,,2023-05-17,WAY,134511596,
3302740047398,2.41,False,,EUR,,2023-05-23,WAY,134511596,
3596710344499,3.29,False,,EUR,,2023-05-23,WAY,134511596,
3038356803584,3.46,False,,EUR,,2023-05-23,WAY,134511596,
3181231001732,8.75,False,,EUR,,2023-05-23,WAY,134511596,
3038350013002,1.09,False,,EUR,,2023-06-28,WAY,134511596,
3449865293832,4.83,False,,EUR,,2023-06-28,WAY,134511596,
3254566468089,2.88,False,,EUR,,2023-07-06,WAY,134511596,
3154230809838,2.68,False,,EUR,,2023-07-10,WAY,134511596,
3181231003354,15.05,False,,EUR,,2023-07-21,WAY,134511596,
3302740050268,4.49,False,,EUR,,2023-07-22,WAY,134511596,
3154230801054,3.27,False,,EUR,,2023-07-22,WAY,134511596,
3254560378063,3.89,False,,EUR,,2023-07-26,WAY,134511596,
3154230809838,2.29,False,,EUR,,2023-08-02,WAY,134511596,
3302740047367,3.6,False,,EUR,,2023-08-16,WAY,134511596,
3154230809838,2.29,False,,EUR,,2023-09-02,WAY,134511596,
3254560378063,3.89,False,,EUR,,2023-09-03,WAY,134511596,
5410721550732,1.71,False,,EUR,,2023-09-14,WAY,134511596,
3596710199303,6.55,False,,EUR,,2023-09-22,WAY,134511596,
3154230802259,2.81,False,,EUR,,2023-09-22,WAY,134511596,
3596710295173,6.36,False,,EUR,,2023-10-05,WAY,134511596,
3181231003354,15.05,False,,EUR,,2023-10-26,WAY,134511596,
3154230802341,2.92,False,,EUR,,2023-10-26,WAY,134511596,
3449865293832,5.35,False,,EUR,,2023-11-03,WAY,134511596,
3596710199303,6.55,False,,EUR,,2023-11-03,WAY,134511596,
3254566468089,2.49,False,,EUR,,2023-11-23,WAY,134511596,
3154230802259,1.99,False,,EUR,,2023-11-23,WAY,134511596,
3302740047367,3.6,False,,EUR,,2023-11-29,WAY,134511596,
3261055930439,2.29,False,,EUR,,2023-12-01,WAY,134511596,
3250392504465,5.36,False,,EUR,,2023-08-03,WAY,27108404,
3250390408994,5.88,False,,EUR,,2023-09-16,WAY,27108404,
3250390408994,5.88,False,,EUR,,2023-09-16,WAY,27108404,
3250392053635,6.85,False,,EUR,,2023-05-17,NODE,9343987897,
3250392053635,6.85,False,,EUR,,2023-05-17,NODE,9343987897,
3560071263874,1.65,False,,EUR,,2021-09-10,WAY,109799029,
3325420284494,3.84,False,,EUR,,2021-09-10,WAY,109799029,
80422167,4.79,False,,EUR,,2021-06-23,WAY,134511596,
80422167,3.5,False,,EUR,,2022-06-20,WAY,134511596,
80422167,4.35,False,,EUR,,2023-02-21,WAY,134511596,
80422167,4.35,False,,EUR,,2023-06-08,WAY,134511596,
3760184013360,4.69,False,,EUR,,2024-02-18,WAY,74917423,
3760197637768,4.59,False,,EUR,,2024-02-18,WAY,74917423,
3512690000217,3.98,False,,EUR,,2024-02-17,NODE,7158230204,
3230890033131,6.29,False,,EUR,,2024-02-17,NODE,7158230204,
3760195545218,9.4,False,,EUR,,2024-02-17,NODE,7158230204,
3760195541555,22.95,False,,EUR,,2024-02-17,NODE,7158230204,
3661112055813,1.89,False,,EUR,,2023-10-20,WAY,1234038503,
3661112502904,2.62,False,,EUR,,2023-10-20,WAY,1234038503,
3564700602706,3.19,False,,EUR,,2023-07-04,WAY,1234038503,
3154230802136,2.14,False,,EUR,,2022-12-16,WAY,1234038503,
3661112054618,1.39,False,,EUR,,2022-12-16,WAY,1234038503,
3661112603106,1.89,False,,EUR,,2022-10-14,WAY,1234038503,
3154230801269,1.18,False,,EUR,,2022-07-08,WAY,1234038503,
3302740047343,4.54,False,,EUR,,2022-07-08,WAY,1234038503,
3661112502966,1.99,False,,EUR,,2021-07-18,WAY,1234038503,
3564700460016,4.65,False,,EUR,,2021-07-07,WAY,1234038503,
3564700460016,5.64,False,,EUR,,2021-04-18,WAY,1234038503,
3661112602437,1.8,False,,EUR,,2021-02-11,WAY,1234038503,
3661112601843,1.58,False,,EUR,,2020-12-18,WAY,1234038503,
3661112602437,1.8,False,,EUR,,2020-12-18,WAY,1234038503,
3564700009321,1.79,False,,EUR,,2020-12-18,WAY,1234038503,
3564700460016,5.64,False,,EUR,,2020-10-14,WAY,1234038503,
3661112502928,2.13,False,,EUR,,2020-10-14,WAY,1234038503,
3366760015096,2.47,False,,EUR,,2021-08-02,WAY,188399075,
3230890009198,4.7,False,,EUR,,2024-02-17,NODE,4665329150,
3095754933015,3.38,False,,EUR,,2022-10-20,WAY,872934393,
3512690000675,3.79,False,,EUR,,2022-10-20,WAY,872934393,
5011308303194,2.95,False,,EUR,,2023-01-11,WAY,872934393,
3596710057733,1.75,False,,EUR,,2023-06-30,WAY,872934393,
3596710516513,2.67,False,,EUR,,2023-07-07,WAY,872934393,
3596710480678,3.55,False,,EUR,,2023-08-11,WAY,872934393,
8002974030771,5.19,False,,EUR,,2024-02-18,WAY,74917423,
8028257010438,5.1,False,,EUR,,2024-02-18,WAY,74917423,
8028257012982,6.45,False,,EUR,,2024-02-18,WAY,74917423,
8028257010339,5.1,False,,EUR,,2024-02-18,WAY,74917423,
8028257004260,6.4,False,,EUR,,2024-02-18,WAY,74917423,
3449865371837,4.55,False,,EUR,,2024-02-18,WAY,74917423,
3449860404172,5.29,False,,EUR,,2024-02-18,WAY,74917423,
3119320006481,5.15,False,,EUR,,2024-02-18,WAY,74917423,
3366760046861,4.1,False,,EUR,,2024-02-18,WAY,74917423,
3350033149304,2.39,False,,EUR,,2024-02-20,WAY,74647496,
3287360769038,6.89,False,,EUR,,2024-02-20,WAY,74647496,
3242273204052,1.65,False,,EUR,,2024-02-20,WAY,74647496,
3350030142131,1.99,False,,EUR,,2024-02-20,WAY,74647496,
3154230040286,2.75,False,,EUR,,2024-02-20,WAY,74647496,
3154230807261,3.69,False,,EUR,,2024-02-20,WAY,74647496,
3350033896505,3.55,False,,EUR,,2024-02-20,WAY,74647496,
3350033896536,3.39,False,,EUR,,2024-02-20,WAY,74647496,
3350033896543,3.39,False,,EUR,,2024-02-20,WAY,74647496,
3350033947030,1.89,False,,EUR,,2024-02-20,WAY,74647496,
3250393179853,1.89,False,,EUR,,2024-02-21,WAY,71133895,
3038352880305,3.39,False,,EUR,,2024-02-20,WAY,74647496,
3038352880206,1.99,False,,EUR,,2024-02-20,WAY,74647496,
3350033283688,2.59,False,,EUR,,2024-02-20,WAY,74647496,
3350033283671,1.45,False,,EUR,,2024-02-20,WAY,74647496,
3350033283664,2.59,False,,EUR,,2024-02-20,WAY,74647496,
3038352881005,4.99,False,,EUR,,2024-02-20,WAY,74647496,
3049580545560,2.29,False,,EUR,,2024-02-20,WAY,74647496,
3512690000972,3.45,False,,EUR,,2024-02-20,WAY,74647496,
3512690000439,3.49,False,,EUR,,2024-02-20,WAY,74647496,
3350033662834,4.99,False,,EUR,,2024-02-20,WAY,74647496,
3493836040383,5.89,False,,EUR,,2024-02-24,NODE,3844346134,
3038352881005,4.47,False,,EUR,,2024-02-24,WAY,74643800,
3261055951434,3.45,False,,EUR,,2024-02-26,WAY,75521876,
3256227090363,2.39,False,,EUR,,2024-03-01,NODE,9396525327,
3256228115904,2.85,False,,EUR,,2024-03-01,NODE,9396525327,
3449849659005,2.85,False,,EUR,,2024-03-01,NODE,9396525327,
3250390176015,1.49,False,,EUR,,2024-03-02,WAY,71133895,
3181232220286,5.45,False,,EUR,,2024-03-02,WAY,793052792,
3181232220309,3.9,False,,EUR,,2024-03-02,WAY,793052792,
3181232220453,7.85,False,,EUR,,2024-03-02,WAY,793052792,
3560071472757,0.99,False,,EUR,,2024-03-04,NODE,9388000648,
3560070752485,1.95,False,,EUR,,2024-03-04,NODE,9388000648,
3038359010507,3.55,False,,EUR,,2024-03-04,NODE,9388000648,
3021210013007,3.83,False,,EUR,,2024-03-06,WAY,872934393,
3537580706123,2.62,False,,EUR,,2024-03-06,WAY,872934393,
30000117,1.48,False,,EUR,,2024-03-06,WAY,872934393,
3537580707298,2.16,False,,EUR,,2024-03-06,WAY,872934393,
3596710428946,17.95,False,,EUR,,2024-03-06,WAY,872934393,
3537580707304,3.74,False,,EUR,,2024-03-06,WAY,872934393,
3021210029909,4.51,False,,EUR,,2024-03-06,WAY,872934393,
3021210026908,3.73,False,,EUR,,2024-03-06,WAY,872934393,
5762385060028,2.19,False,,EUR,,2024-03-06,WAY,872934393,
5762385028813,4.39,False,,EUR,,2024-03-06,WAY,872934393,
3537580704457,5.32,False,,EUR,,2024-03-06,WAY,872934393,
3021210020906,2.74,False,,EUR,,2024-03-06,WAY,872934393,
3047360801080,4.29,False,,EUR,,2024-03-06,WAY,872934393,
3021210021903,2.76,False,,EUR,,2024-03-06,WAY,872934393,
3596710333899,1.94,False,,EUR,,2024-03-06,WAY,872934393,
3596710185573,2.13,False,,EUR,,2024-03-06,WAY,872934393,
3596710188246,1.45,False,,EUR,,2024-03-06,WAY,872934393,
3596710356751,2.0,False,,EUR,,2024-03-06,WAY,872934393,
3596710455669,1.68,False,,EUR,,2024-03-06,WAY,872934393,
3596710356768,1.77,False,,EUR,,2024-03-06,WAY,872934393,
3254560786479,20.95,False,,EUR,,2024-03-06,WAY,872934393,
3254560067691,2.4,False,,EUR,,2024-03-06,WAY,872934393,
3261055953421,3.72,False,,EUR,,2024-03-06,WAY,872934393,
3261055953414,3.72,False,,EUR,,2024-03-06,WAY,872934393,
5707196282740,2.99,False,,EUR,,2024-03-06,WAY,872934393,
3596710324439,3.0,False,,EUR,,2024-03-06,WAY,872934393,
3596710304363,1.88,False,,EUR,,2024-03-06,WAY,872934393,
3596710010776,2.52,False,,EUR,,2024-03-06,WAY,872934393,
3596710010783,1.58,False,,EUR,,2024-03-06,WAY,872934393,
3596710324446,2.96,False,,EUR,,2024-03-06,WAY,872934393,
3275411802049,2.02,False,,EUR,,2024-03-06,WAY,872934393,
3275411809000,2.68,False,,EUR,,2024-03-06,WAY,872934393,
3270270007772,2.06,False,,EUR,,2024-03-06,WAY,872934393,
3275411801011,1.97,False,,EUR,,2024-03-06,WAY,872934393,
3596710398799,2.86,False,,EUR,,2024-03-06,WAY,872934393,
3270270006140,2.59,False,,EUR,,2024-03-06,WAY,872934393,
3270270006164,2.94,False,,EUR,,2024-03-06,WAY,872934393,
3596710440672,4.47,False,,EUR,,2024-03-06,WAY,872934393,
3261055951441,4.05,False,,EUR,,2024-03-06,WAY,872934393,
3261055951458,3.91,False,,EUR,,2024-03-06,WAY,872934393,
3487400006981,1.89,False,,EUR,,2024-03-06,WAY,872934393,
3449865374807,2.65,False,,EUR,,2024-03-07,WAY,1166230725,
3021690021059,2.65,False,,EUR,,2024-03-12,WAY,204128538,
8008481792607,5.6,False,,EUR,,2024-03-15,NODE,7431585942,
3478820003193,3.35,False,,EUR,,2024-03-15,NODE,603026876,
3483190093385,2.06,False,,EUR,,2024-03-15,NODE,603026876,
3483190093354,2.17,True,3.1,EUR,,2024-03-15,NODE,603026876,
3560071415440,3.15,False,,EUR,,2024-03-15,NODE,3344841823,
3760020509347,3.76,False,,EUR,,2024-03-15,NODE,603026876,
3250390117988,5.52,False,,EUR,,2024-03-16,NODE,246286922,
3335880006710,9.3,False,,EUR,,2024-03-16,WAY,1185580901,
3166296200207,1.69,False,,EUR,,2024-03-15,NODE,1616151872,
7613038437439,2.99,False,,EUR,,2024-03-15,NODE,1616151872,
3181232121484,2.79,False,,EUR,,2014-07-18,WAY,886288093,
3700141401625,15.99,False,,EUR,,2014-12-17,WAY,886288093,
3345856802819,0.78,False,,EUR,,2016-10-11,WAY,886288093,
3345858011110,0.99,False,,EUR,,2016-10-11,WAY,886288093,
3369578997714,0.9,False,,EUR,,2016-10-11,WAY,886288093,
3596710407040,0.97,False,,EUR,,2016-10-11,WAY,886288093,
4006259001023,0.99,False,,EUR,,2016-10-11,WAY,886288093,
3459860004838,3.36,False,,EUR,,2017-12-29,WAY,886288093,
3596710440597,1.82,False,,EUR,,2018-01-04,WAY,886288093,
3264057561212,0.99,False,,EUR,,2018-01-29,WAY,886288093,
3596710440665,1.49,False,,EUR,,2018-05-26,WAY,886288093,
3436598135980,1.99,False,,EUR,,2018-06-04,WAY,886288093,
8410060485501,2.99,False,,EUR,,2018-06-04,WAY,886288093,
3264057561212,0.99,False,,EUR,,2018-11-22,WAY,886288093,
3095751926010,2.51,False,,EUR,,2018-12-13,WAY,886288093,
3436598135980,1.98,False,,EUR,,2018-12-13,WAY,886288093,
3512690000576,2.39,False,,EUR,,2018-12-13,WAY,886288093,
3512690002686,1.29,False,,EUR,,2018-12-13,WAY,886288093,
3345856802819,0.86,False,,EUR,,2019-02-12,WAY,886288093,
3369578997714,0.9,False,,EUR,,2019-02-12,WAY,886288093,
3596710055999,1.43,False,,EUR,,2019-02-12,WAY,886288093,
4006259001023,0.99,False,,EUR,,2019-02-12,WAY,886288093,
3268750009521,0.99,False,,EUR,,2019-04-15,WAY,886288093,
4006259001023,0.99,False,,EUR,,2019-04-15,WAY,886288093,
4006259012296,1.35,False,,EUR,,2019-04-24,WAY,886288093,
3268750008296,0.99,False,,EUR,,2019-06-15,WAY,886288093,
4006259001023,0.99,False,,EUR,,2019-12-02,WAY,886288093,
7613036724203,1.33,False,,EUR,,2020-01-03,WAY,886288093,
3268750010022,0.99,False,,EUR,,2020-01-28,WAY,886288093,
3273230068615,3.5,False,,EUR,,2020-08-29,WAY,886288093,
3700141403803,1.99,False,,EUR,,2020-10-15,WAY,886288093,
3700141403940,1.85,False,,EUR,,2020-10-15,WAY,886288093,
3273230069612,2.43,False,,EUR,,2021-07-16,WAY,886288093,
3338910009002,1.49,False,,EUR,,2021-07-16,WAY,886288093,
3345858011110,1.29,False,,EUR,,2021-07-16,WAY,886288093,
3180940081400,0.99,False,,EUR,,2021-11-09,WAY,886288093,
3254565416869,4.1,False,,EUR,,2021-11-09,WAY,886288093,
3369578997714,0.99,False,,EUR,,2021-11-09,WAY,886288093,
4006259001023,0.99,False,,EUR,,2021-11-09,WAY,886288093,
4006259001023,0.99,False,,EUR,,2023-01-13,WAY,886288093,
3104544077041,10.79,False,,EUR,,2023-10-19,WAY,886288093,
7613035989597,1.69,False,,EUR,,2018-01-10,WAY,171287186,
3596710340439,1.3,False,,EUR,,2018-09-05,WAY,171287186,
3596710178896,1.89,False,,EUR,,2019-01-11,WAY,171287186,
3596710353385,2.35,False,,EUR,,2019-01-11,WAY,171287186,
7613035386792,2.29,False,,EUR,,2019-03-06,WAY,171287186,
3180940084401,1.19,False,,EUR,,2019-11-28,WAY,171287186,
3596710464753,1.03,False,,EUR,,2019-11-28,WAY,171287186,
3596710407040,1.25,False,,EUR,,2023-10-19,WAY,171287186,
3596710424665,3.84,False,,EUR,,2021-08-19,NODE,2042757094,
3024720026895,3.16,False,,EUR,,2024-03-16,NODE,1865883892,
3350240040111,4.19,False,,EUR,,2024-03-16,NODE,1865883892,
3350240051018,4.31,False,,EUR,,2024-03-16,NODE,1865883892,
7613034569769,3.25,False,,EUR,,2024-03-16,NODE,1865883892,
3154230802136,2.47,False,,EUR,,2024-03-16,NODE,1865883892,
3154230811794,2.99,False,,EUR,,2024-03-16,NODE,1865883892,
3154230802310,2.56,False,,EUR,,2024-03-16,NODE,1865883892,
3154230802372,2.4,False,,EUR,,2024-03-16,NODE,1865883892,
3104544073814,4.99,False,,EUR,,2024-03-16,NODE,1865883892,
3021210060209,5.95,False,,EUR,,2024-03-16,NODE,1865883892,
3596710409655,4.27,False,,EUR,,2024-03-16,NODE,1865883892,
3049580545560,2.4,False,,EUR,,2024-03-16,NODE,1865883892,
3350033149304,2.39,False,,EUR,,2024-03-20,WAY,74647496,
3449865333491,3.15,False,,EUR,,2024-03-20,WAY,74647496,
3449865371998,2.0,False,,EUR,,2024-03-20,WAY,74647496,
3449865281709,3.37,False,,EUR,,2024-03-20,NODE,1865883892,
3281780085105,2.37,False,,EUR,,2024-03-21,NODE,2389297308,
3269612045008,1.98,False,,EUR,,2024-03-21,NODE,2389297308,
20680756,2.89,False,,EUR,,2024-03-21,NODE,5518900247,
5010436500017,5.99,False,,EUR,,2024-03-25,NODE,1215494564,
20680756,2.89,False,,EUR,,2024-03-25,NODE,5518900247,
3250390314257,1.49,False,,EUR,,2024-03-26,NODE,246286922,
3250390408970,5.88,False,,EUR,,2024-03-26,NODE,246286922,
3537580707304,3.54,False,,EUR,,2024-03-28,NODE,2389297308,
3596710494538,3.14,False,,EUR,,2024-03-28,WAY,872934393,
3266140057824,4.9,False,,EUR,,2024-03-28,WAY,204128538,
3596710494538,3.14,False,,EUR,,2024-03-29,WAY,872934393,
3268750009118,1.2,False,,EUR,,2024-03-30,NODE,9396525327,
26067193,2.99,False,,EUR,,2024-03-30,NODE,1793355690,
3038350013002,1.26,False,,EUR,,2024-03-21,NODE,5599022974,
3038350013002,1.09,False,,EUR,,2023-03-21,NODE,827624445,
4061458013130,2.29,False,,EUR,,2024-04-02,NODE,266623118,
3507170901115,6.69,False,,EUR,,2024-04-03,NODE,11586957737,
3760099534042,7.5,False,,EUR,,2024-04-03,NODE,11586957737,
2887820049079,7.98,False,,EUR,,2024-04-05,WAY,71133895,
3038352880206,1.99,False,,EUR,,2024-04-06,NODE,440122312,
3038355841402,4.29,False,,EUR,,2024-04-06,NODE,440122312,
3281780085105,2.37,False,,EUR,,2024-04-09,NODE,2389297308,
3507170901269,6.95,False,,EUR,,2024-04-09,NODE,3043649884,
3250392654054,1.78,False,,EUR,,2024-04-11,WAY,71133895,
3256224658931,2.6,False,,EUR,,2024-04-15,WAY,204128538,
3261053456603,6.56,False,,EUR,,2024-03-21,NODE,1273681786,
3038350013002,1.4,False,,EUR,,2024-03-21,NODE,1273681786,
3250392654054,1.78,False,,EUR,,2024-04-19,WAY,71133895,
3661112502904,2.62,False,,EUR,,2024-04-19,WAY,81099451,
3661112055813,1.85,False,,EUR,,2024-04-19,WAY,81099451,
3564700602706,3.09,False,,EUR,,2024-04-19,WAY,81099451,
3038350013002,0.95,False,,EUR,,2024-04-17,WAY,71133895,
3422210448934,4.85,False,,EUR,,2024-04-19,NODE,7431585942,
3154230040286,2.29,False,,EUR,,2024-02-02,NODE,2042757094,
3329489900586,3.45,False,,EUR,,2024-04-29,NODE,3936222237,
3335880006741,8.35,False,,EUR,,2024-04-29,NODE,3936222237,
3760109520232,1.08,False,,EUR,,2017-03-28,WAY,65403813,
3760109520232,1.14,False,,EUR,,2017-12-28,WAY,65403813,
3760109520133,4.39,False,,EUR,,2018-10-15,WAY,65403813,
3760109520133,4.41,False,,EUR,,2018-12-17,WAY,65403813,
3154230810759,3.49,False,,EUR,,2024-04-13,NODE,7183794920,
3230890027529,5.5,False,,EUR,,2024-04-13,NODE,7183794920,
3560071252038,2.39,False,,EUR,,2024-04-06,NODE,7183794920,
3560071009410,1.0,False,,EUR,,2024-03-30,NODE,7183794920,
3266980138721,1.65,False,,EUR,,2024-03-09,NODE,7183794920,
3266980138721,1.65,False,,EUR,,2024-03-09,NODE,7183794920,
3266980138721,1.65,False,,EUR,,2024-03-09,NODE,7183794920,
3245412452963,1.65,False,,EUR,,2024-03-02,NODE,7183794920,
3560070981083,2.29,False,,EUR,,2024-03-02,NODE,7183794920,
3560070591145,3.35,False,,EUR,,2024-03-02,NODE,7183794920,
3560071009380,1.0,False,,EUR,,2024-03-02,NODE,7183794920,
3302740057502,2.44,False,,EUR,,2024-02-23,NODE,7183794920,
3302740057502,2.44,False,,EUR,,2024-02-23,NODE,7183794920,
3154230809869,3.39,False,,EUR,,2024-02-17,NODE,7183794920,
3560071009380,1.0,False,,EUR,,2024-02-10,NODE,7183794920,
3560070720019,2.99,False,,EUR,,2024-02-10,NODE,7183794920,
3248830001195,4.2,False,,EUR,,2024-02-03,NODE,7183794920,
3248830001188,4.2,False,,EUR,,2024-02-03,NODE,7183794920,
3154230802259,2.59,False,,EUR,,2024-02-03,NODE,7183794920,
3154230802259,2.59,False,,EUR,,2024-02-03,NODE,7183794920,
3560071009380,1.0,False,,EUR,,2024-02-03,NODE,7183794920,
3560071252038,2.39,False,,EUR,,2024-01-27,NODE,7183794920,
3154230810759,3.9,False,,EUR,,2024-01-20,NODE,7183794920,
3560070636471,2.09,False,,EUR,,2024-01-20,NODE,7183794920,
3560070636471,2.09,False,,EUR,,2024-01-20,NODE,7183794920,
3154230801368,2.45,False,,EUR,,2023-12-16,NODE,7183794920,
3560071452995,1.99,False,,EUR,,2023-12-16,NODE,7183794920,
3154230808596,6.4,False,,EUR,,2023-12-02,NODE,7183794920,
3266980138721,1.65,False,,EUR,,2023-12-02,NODE,7183794920,
3266980138721,1.65,False,,EUR,,2023-12-02,NODE,7183794920,
3266980138721,1.65,False,,EUR,,2023-12-02,NODE,7183794920,
3245390038609,4.49,False,,EUR,,2023-12-02,NODE,7183794920,
3560071252052,2.59,False,,EUR,,2023-11-18,NODE,7183794920,
3560071420017,1.95,False,,EUR,,2023-11-18,NODE,7183794920,
3154230810926,6.7,False,,EUR,,2023-11-18,NODE,7183794920,
3230890001475,5.0,False,,EUR,,2023-11-18,NODE,7183794920,
3230890010293,5.0,False,,EUR,,2023-11-18,NODE,7183794920,
3245413205452,2.85,False,,EUR,,2023-11-11,NODE,7183794920,
3560071252038,2.39,False,,EUR,,2023-11-09,NODE,7183794920,
3560071449698,2.65,False,,EUR,,2023-11-09,NODE,7183794920,
3560071263843,2.25,False,,EUR,,2023-11-05,NODE,7183794920,
3230890014000,5.45,False,,EUR,,2023-11-05,NODE,7183794920,
3266980138721,1.63,False,,EUR,,2023-10-19,NODE,7183794920,
3266980138721,1.63,False,,EUR,,2023-10-19,NODE,7183794920,
3266980138721,1.63,False,,EUR,,2023-10-18,NODE,7183794920,
3266980138721,1.63,False,,EUR,,2023-10-18,NODE,7183794920,
3245414636750,3.79,False,,EUR,,2023-10-06,NODE,7183794920,
3245414636750,3.79,False,,EUR,,2023-10-06,NODE,7183794920,
3245414636750,3.79,False,,EUR,,2023-10-06,NODE,7183794920,
3245414636750,3.79,False,,EUR,,2023-10-06,NODE,7183794920,
3302740047374,4.79,False,,EUR,,2023-09-30,NODE,7183794920,
3230890014000,5.49,False,,EUR,,2023-09-22,NODE,7183794920,
3154230050667,2.55,False,,EUR,,2023-09-22,NODE,7183794920,
3154230050667,2.55,False,,EUR,,2023-09-22,NODE,7183794920,
3596690128249,8.05,False,,EUR,,2023-09-09,NODE,7183794920,
3560071010164,1.0,False,,EUR,,2023-09-01,NODE,7183794920,
3154230802280,1.94,False,,EUR,,2023-09-01,NODE,7183794920,
3302740057502,2.39,False,,EUR,,2023-08-23,NODE,7183794920,
3560070751570,1.99,False,,EUR,,2023-07-15,NODE,7183794920,
3154230801368,2.39,False,,EUR,,2023-07-15,NODE,7183794920,
3560071423896,3.06,False,,EUR,,2023-07-15,NODE,7183794920,
3245416027648,2.99,False,,EUR,,2023-07-01,NODE,7183794920,
3245416027648,2.99,False,,EUR,,2023-07-01,NODE,7183794920,
3154230801368,2.39,False,,EUR,,2023-06-24,NODE,7183794920,
3154230801368,2.39,False,,EUR,,2023-06-24,NODE,7183794920,
3154230801368,2.39,False,,EUR,,2023-06-24,NODE,7183794920,
3154230801368,2.39,False,,EUR,,2023-06-24,NODE,7183794920,
3230890003714,3.17,False,,EUR,,2023-06-24,NODE,7183794920,
3560071170318,2.99,False,,EUR,,2023-06-10,NODE,7183794920,
3560071321789,3.75,False,,EUR,,2023-05-24,NODE,7183794920,
3302740059643,2.99,False,,EUR,,2023-04-01,NODE,7183794920,
3245415327398,4.59,False,,EUR,,2023-04-01,NODE,7183794920,
3560071420048,1.95,False,,EUR,,2023-03-28,NODE,7183794920,
3560071420048,1.89,False,,EUR,,2023-03-04,NODE,7183794920,
3154230809425,4.39,False,,EUR,,2023-03-04,NODE,7183794920,
3560070487516,3.79,False,,EUR,,2023-01-21,NODE,7183794920,
3560071449698,2.19,False,,EUR,,2023-01-21,NODE,7183794920,
3560071449698,2.19,False,,EUR,,2023-01-21,NODE,7183794920,
3560070555901,2.25,False,,EUR,,2023-01-07,NODE,7183794920,
3242272346050,3.19,False,,EUR,,2023-01-07,NODE,7183794920,
3560070345397,2.95,False,,EUR,,2023-01-07,NODE,7183794920,
3560071094898,1.85,False,,EUR,,2023-01-02,NODE,7183794920,
3560071094898,1.75,False,,EUR,,2022-12-08,NODE,7183794920,
3180940000104,2.59,False,,EUR,,2022-11-19,NODE,7183794920,
3154230802310,2.45,False,,EUR,,2022-11-05,NODE,7183794920,
3154230802310,2.45,False,,EUR,,2022-11-05,NODE,7183794920,
3245415407359,1.83,False,,EUR,,2022-11-05,NODE,7183794920,
3560070981083,2.19,False,,EUR,,2022-10-15,NODE,7183794920,
3245412432613,2.19,False,,EUR,,2022-10-15,NODE,7183794920,
3560071010164,1.0,False,,EUR,,2022-10-15,NODE,7183794920,
3154230809548,3.75,False,,EUR,,2022-10-15,NODE,7183794920,
3154230809548,3.75,False,,EUR,,2022-10-15,NODE,7183794920,
3302740059209,2.35,False,,EUR,,2022-10-15,NODE,7183794920,
3560071009380,1.0,False,,EUR,,2022-10-15,NODE,7183794920,
3560070912209,1.85,False,,EUR,,2022-10-15,NODE,7183794920,
3180940083114,3.76,False,,EUR,,2022-09-23,NODE,7183794920,
3245412452963,1.45,False,,EUR,,2022-09-23,NODE,7183794920,
3180940084722,2.59,False,,EUR,,2022-08-20,NODE,7183794920,
3384480022033,1.93,False,,EUR,,2022-07-09,NODE,7183794920,
3384480022033,1.93,False,,EUR,,2022-07-09,NODE,7183794920,
3560071170318,2.59,False,,EUR,,2022-07-09,NODE,7183794920,
7613035336131,2.2,False,,EUR,,2022-06-25,NODE,7183794920,
7613035336131,2.2,False,,EUR,,2022-06-25,NODE,7183794920,
7613035989535,2.69,False,,EUR,,2022-06-25,NODE,7183794920,
3560071094898,1.55,False,,EUR,,2022-06-25,NODE,7183794920,
3154230801368,1.95,False,,EUR,,2022-06-10,NODE,7183794920,
3154230801368,1.95,False,,EUR,,2022-06-04,NODE,7183794920,
3154230801368,1.95,False,,EUR,,2022-06-04,NODE,7183794920,
3483190092678,3.2,False,,EUR,,2022-05-06,NODE,7183794920,
3560071420017,1.49,False,,EUR,,2022-04-23,NODE,7183794920,
3154230801313,1.09,False,,EUR,,2022-04-02,NODE,7183794920,
3154230801313,1.09,False,,EUR,,2022-04-02,NODE,7183794920,
3560070689989,2.0,False,,EUR,,2022-04-17,NODE,7608842774,
3270190025153,1.73,False,,EUR,,2022-04-17,NODE,7608842774,
3154230811077,5.38,False,,EUR,,2024-02-27,WAY,102788017,
3560071420048,2.05,False,,EUR,,2024-02-27,WAY,102788017,
3760109520133,4.41,False,,EUR,,2019-01-28,WAY,65403813,
3760109520133,4.16,False,,EUR,,2018-01-29,WAY,65403813,
3760109520133,4.4,False,,EUR,,2018-05-29,WAY,65403813,
3661112055806,1.59,False,,EUR,,2020-01-23,WAY,65403813,
3661112055806,1.54,False,,EUR,,2020-07-08,WAY,65403813,
3760109520232,1.3,False,,EUR,,2020-12-16,WAY,65403813,
3760109520133,4.16,False,,EUR,,2017-03-07,WAY,65403813,
3095754933015,3.39,False,,EUR,,2024-05-03,WAY,872934393,
3596710409983,1.76,False,,EUR,,2024-05-03,WAY,872934393,
3760109520232,1.29,False,,EUR,,2022-03-23,WAY,65403813,
3760109520232,1.23,False,,EUR,,2022-06-09,WAY,65403813,
3760109520201,1.44,False,,EUR,,2022-08-03,WAY,65403813,
3760109520232,1.25,False,,EUR,,2022-12-07,WAY,65403813,
3760109520249,1.01,False,,EUR,,2022-01-12,WAY,65403813,
3760109520218,1.25,False,,EUR,,2022-02-02,WAY,65403813,
7039010132435,12.5,False,,NOK,,2024-04-27,WAY,598877047,
3760109520133,4.16,False,,EUR,,2018-01-17,WAY,65403813,
3760109520133,4.41,False,,EUR,,2019-01-28,WAY,65403813,
3154230802310,3.03,False,,EUR,,2024-05-06,NODE,1796949749,
3760109520232,1.3,False,,EUR,,2021-01-13,WAY,65403813,
3760109520218,1.25,False,,EUR,,2021-03-03,WAY,65403813,
3760109520232,1.3,False,,EUR,,2021-03-31,WAY,65403813,
3760109520249,0.96,False,,EUR,,2021-06-09,WAY,65403813,
3024794455584,2.0,False,,EUR,,2021-07-06,NODE,2326881369,
3250392654054,1.78,False,,EUR,,2024-05-08,WAY,71133895,
3154230802259,2.2,False,,EUR,,2024-04-30,WAY,71133895,
3154230809548,3.31,False,,EUR,,2024-04-30,WAY,71133895,
7613034423146,2.43,False,,EUR,,2024-05-11,NODE,9396525327,
8414169150162,73.3,False,,NOK,,2024-05-02,WAY,598877047,
7037204651922,69.9,False,,NOK,,2024-05-02,WAY,598877047,
7025110094940,32.64,True,40.3,NOK,,2024-05-02,WAY,598877047,
3281780085105,1.62,True,2.31,EUR,,2024-05-13,NODE,2389297308,
4003419003187,2.49,False,,EUR,,2024-05-18,WAY,247240789,
3760109520133,8.14,False,,EUR,,2024-05-22,WAY,65403813,
3281780085105,2.16,False,,EUR,,2024-05-23,NODE,2389297308,
3038359011276,1.7,False,,EUR,,2024-05-23,NODE,2389297308,
3222471142110,1.84,False,,EUR,,2024-05-23,WAY,65781551,
3256228097408,2.72,False,,EUR,,2024-05-25,NODE,486004903,
3564700009321,1.97,False,,EUR,,2024-05-29,WAY,65403813,
3450970123914,1.79,False,,EUR,,2024-05-29,WAY,65403813,
20458478,4.39,False,,EUR,,2015-02-10,NODE,955098353,
3270160890873,5.99,False,,EUR,,2024-05-31,NODE,11808206241,
3270160863426,5.5,False,,EUR,,2024-05-31,NODE,11808206241,
3038350013002,1.06,False,,EUR,,2024-06-01,NODE,3647831509,
8414389019379,2.6,False,,EUR,,2024-06-04,WAY,128567802,
4056489729044,5.19,False,,EUR,,2024-06-03,NODE,11295892374,
29062997,2.59,False,,EUR,,2024-06-04,NODE,266623118,
4061458013130,2.29,False,,EUR,,2024-06-04,NODE,266623118,
4056489729051,3.92,False,,EUR,,2024-06-03,NODE,11295892374,
3256224658917,2.12,False,,EUR,,2024-06-06,NODE,2326881369,
3230890758072,10.5,False,,EUR,,2024-06-12,WAY,65403813,
3230890758096,21.9,False,,EUR,,2024-06-12,WAY,65403813,
26052632,1.89,False,,EUR,,2024-06-17,NODE,1793355690,
26026688,4.29,False,,EUR,,2024-06-17,NODE,1793355690,
26008103,1.59,False,,EUR,,2024-06-17,NODE,1793355690,
3760109520133,8.14,False,,EUR,,2024-06-19,WAY,65403813,
3250392654054,1.78,False,,EUR,,2024-06-20,WAY,676744546,
4061458013130,2.29,False,,EUR,,2024-06-21,NODE,266623118,
3564700318621,1.6,False,,EUR,,2024-06-22,WAY,977490397,
3564700009321,1.99,False,,EUR,,2024-06-26,WAY,65403813,
3250392654023,1.77,False,,EUR,,2024-06-26,WAY,71133895,
3024720026529,2.35,False,,EUR,,2024-06-24,WAY,71133895,
3083681149586,1.76,True,2.52,EUR,,2024-06-29,WAY,872934393,
3270160864720,1.99,False,,EUR,,2024-07-01,NODE,11808206241,
3270160864737,2.5,False,,EUR,,2024-07-01,NODE,11808206241,
3596710510788,1.27,True,,EUR,,2024-07-01,WAY,872934393,
3266140057824,3.7,True,5.29,EUR,,2024-07-05,NODE,3344841823,
3250391343102,2.55,False,,EUR,,2024-07-03,NODE,12037754744,
3660992013319,2.96,False,,EUR,,2024-07-06,NODE,9396525327,
8410060282100,2.1,False,,EUR,,2024-07-06,NODE,9396525327,
3537580705409,3.75,False,,EUR,,2024-07-08,WAY,144793970,
3560071472757,1.53,False,,EUR,,2024-07-08,NODE,7959257962,
3281780085105,2.16,False,,EUR,,2024-07-17,NODE,2389297308,
3038350013002,1.06,False,,EUR,,2024-07-17,NODE,2389297308,
3760109520133,8.14,False,,EUR,,2024-07-17,WAY,65403813,
8017596017475,2.69,False,,EUR,,2024-07-01,WAY,284387420,
3366760015119,3.79,False,,EUR,,2024-07-22,WAY,231042457,
5413458090502,4.0,False,,EUR,,2024-07-22,WAY,231042457,
3281780892918,3.0,False,,EUR,,2024-07-23,NODE,2389297308,
3564700009321,1.99,False,,EUR,,2024-07-22,WAY,65403813,
0226015011286,1.72,False,,EUR,,2024-05-29,WAY,65403813,
0226015011286,1.72,False,,EUR,,2024-07-22,WAY,65403813,
3021690017298,2.09,False,,EUR,,2024-08-03,WAY,977490397,
3564709041643,3.35,False,,EUR,,2024-08-10,WAY,977490397,
4008298680108,3.99,False,,EUR,,2024-07-30,WAY,306480478,
3181232220415,3.85,False,,EUR,,2024-08-15,WAY,72814980,
3024720026895,3.09,False,,EUR,,2024-08-15,WAY,72814980,
3281780085105,2.16,False,,EUR,,2024-08-17,NODE,2389297308,
3564700009321,1.86,False,,EUR,,2024-08-19,WAY,65403813,
3450970124072,1.79,False,,EUR,,2024-08-19,WAY,65403813,
3760109520140,6.43,False,,EUR,,2024-08-19,WAY,65403813,
3760109520133,8.14,False,,EUR,,2024-08-19,WAY,65403813,
3596710510788,1.45,True,,EUR,,2024-08-20,WAY,872934393,
3275411808201,2.7,False,,EUR,,2024-08-22,NODE,9407927717,
3281780085105,2.16,False,,EUR,,2024-08-22,NODE,2389297308,
8710908942310,1.54,False,,EUR,,2024-08-24,WAY,204128538,
5201310003261,3.85,True,5.5,EUR,,2024-08-24,WAY,72808665,
3250392613815,1.9,False,,EUR,,2024-08-24,WAY,71133895,
3256224061670,1.49,False,,EUR,,2024-08-26,WAY,1156618039,
3250390001072,1.48,False,,EUR,,2024-08-28,NODE,5620886771,
2860041028078,4.28,False,,EUR,,2024-08-28,WAY,65403813,
0226015013587,2.07,False,,EUR,,2024-08-28,WAY,65403813,
3760109520232,1.39,False,,EUR,,2024-06-19,WAY,65403813,
3302740059100,3.95,False,,EUR,,2024-08-31,WAY,440254519,
3564700677520,3.49,False,,EUR,,2024-08-30,WAY,234993128,
0226015012795,1.95,False,,EUR,,2024-09-04,WAY,65403813,
3250391327362,4.65,False,,EUR,,2024-09-05,WAY,4985971,
3250391828234,1.97,False,,EUR,,2024-09-05,NODE,246286922,
3021690018943,3.09,False,,EUR,,2024-09-05,WAY,872934393,
3021690011258,4.85,False,,EUR,,2024-09-05,WAY,872934393,
3596710357222,2.19,False,,EUR,,2024-09-05,WAY,872934393,
3021690029093,3.48,False,,EUR,,2024-09-05,WAY,872934393,
3596710507009,4.26,False,,EUR,,2024-09-05,WAY,872934393,
3596710517695,3.24,False,,EUR,,2024-09-05,WAY,872934393,
3254560680883,3.63,False,,EUR,,2024-09-05,WAY,872934393,
3596710514236,1.69,False,,EUR,,2024-09-05,WAY,872934393,
3261053456603,5.31,False,,EUR,,2024-09-05,WAY,872934393,
3038352881005,4.39,False,,EUR,,2024-09-05,WAY,872934393,
3038352880305,3.29,False,,EUR,,2024-09-05,WAY,872934393,
3038352880206,1.92,False,,EUR,,2024-09-05,WAY,872934393,
3254560077225,1.59,False,,EUR,,2024-09-05,WAY,872934393,
3254560032989,2.51,False,,EUR,,2024-09-05,WAY,872934393,
3021690029086,1.98,False,,EUR,,2024-09-05,WAY,872934393,
3038352910200,4.47,False,,EUR,,2024-09-05,WAY,872934393,
3596710517664,2.25,False,,EUR,,2024-09-05,WAY,872934393,
3021690029123,4.6,False,,EUR,,2024-09-05,WAY,872934393,
3021690029116,2.97,False,,EUR,,2024-09-05,WAY,872934393,
3181232518833,8.28,False,,EUR,,2024-09-05,WAY,872934393,
8710438121544,3.74,False,,EUR,,2024-09-05,WAY,872934393,
8710438124057,3.99,False,,EUR,,2024-09-05,WAY,872934393,
3250392726409,4.09,False,,EUR,,2024-09-05,NODE,5241191328,
3368953500723,6.1,False,,EUR,,2024-09-06,NODE,9396525327,
3560070202522,2.95,False,,EUR,,2024-09-09,NODE,4556169093,
3266980033613,1.99,False,,EUR,,2024-09-06,NODE,4556169093,
3245414164093,2.35,False,,EUR,,2024-08-29,NODE,4556169093,
3560070797394,2.19,False,,EUR,,2024-08-29,NODE,4556169093,
3560071421908,2.49,False,,EUR,,2024-09-06,NODE,4556169093,
3270160168125,6.65,True,,EUR,,2023-12-04,NODE,11808206241,
3270160892822,3.99,False,,EUR,,2023-12-04,NODE,11808206241,
3270160897216,2.99,False,,EUR,,2023-11-29,NODE,11808206241,
3270160168125,6.65,True,,EUR,,2023-11-23,NODE,11808206241,
3270160399727,5.8,True,,EUR,,2023-11-23,NODE,11808206241,
3270160861750,2.99,False,,EUR,,2023-11-10,NODE,11808206241,
3270160892822,3.99,False,,EUR,,2023-11-10,NODE,11808206241,
3270160862979,5.99,False,,EUR,,2023-10-25,NODE,11808206241,
3270160862269,3.99,False,,EUR,,2023-09-19,NODE,11808206241,
3270160608508,7.99,False,,EUR,,2023-09-14,NODE,11808206241,
3270160892822,3.99,False,,EUR,,2023-09-14,NODE,11808206241,
3270160396337,5.5,False,,EUR,,2023-09-04,NODE,11808206241,
3270160168125,7.6,False,,EUR,,2023-08-19,NODE,11808206241,
3270160862283,6.3,False,,EUR,,2023-08-19,NODE,11808206241,
3270160897216,2.99,False,,EUR,,2023-07-26,NODE,11808206241,
3270160817146,4.75,False,,EUR,,2023-07-25,NODE,11808206241,
3270160140305,6.99,False,,EUR,,2023-05-16,NODE,11808206241,
3270160862382,5.99,False,,EUR,,2023-05-16,NODE,11808206241,
3270160881390,7.5,False,,EUR,,2023-05-16,NODE,11808206241,
3270160168125,6.65,True,,EUR,,2023-05-11,NODE,11808206241,
3270160817146,4.75,False,,EUR,,2023-05-11,NODE,11808206241,
3270160892822,3.99,False,,EUR,,2023-05-11,NODE,11808206241,
3270160812936,2.8,False,,EUR,,2023-02-20,NODE,11808206241,
3270160817146,4.5,False,,EUR,,2023-02-20,NODE,11808206241,
3270160882960,6.15,True,,EUR,,2023-02-20,NODE,11808206241,
3270160891801,4.2,True,,EUR,,2023-02-20,NODE,11808206241,
3270160892525,3.75,False,,EUR,,2023-02-20,NODE,11808206241,
3270160897216,2.8,False,,EUR,,2023-02-20,NODE,11808206241,
3270160164325,7.7,False,,EUR,,2023-12-02,NODE,3394926393,
3270160203611,7.3,False,,EUR,,2023-12-02,NODE,3394926393,
3270160817146,4.15,True,,EUR,,2023-12-02,NODE,3394926393,
3270160865314,5.99,False,,EUR,,2023-12-02,NODE,3394926393,
3270160817221,2.69,True,,EUR,,2023-11-11,NODE,3394926393,
3270160865314,5.99,False,,EUR,,2023-11-11,NODE,3394926393,
3270160862382,5.99,False,,EUR,,2023-09-25,NODE,3394926393,
3270160862979,5.99,False,,EUR,,2023-09-25,NODE,3394926393,
3270160892822,3.99,False,,EUR,,2023-09-25,NODE,3394926393,
3270160893928,4.99,False,,EUR,,2023-09-25,NODE,3394926393,
3270160168125,7.6,False,,EUR,,2023-08-12,NODE,3394926393,
3270160892822,3.99,False,,EUR,,2023-08-12,NODE,3394926393,
3270160812936,2.6,True,,EUR,,2023-05-03,NODE,3180967161,
3270160817146,4.75,False,,EUR,,2023-05-03,NODE,3180967161,
3270160817146,3.99,True,,EUR,,2023-03-23,NODE,3180967161,
3270160882540,5.5,False,,EUR,,2023-03-23,NODE,3180967161,
3270160817146,4.5,False,,EUR,,2023-02-11,NODE,2193296801,
3270160890156,3.3,False,,EUR,,2023-01-14,NODE,2193296801,
3270160168125,5.99,True,,EUR,,2022-12-07,NODE,2193296801,
3270160817146,3.45,True,,EUR,,2022-12-01,NODE,2193296801,
3270160866687,2.2,False,,EUR,,2022-12-01,NODE,2193296801,
3270160202706,6.6,False,,EUR,,2022-11-12,NODE,2193296801,
3270160865024,4.6,True,,EUR,,2022-11-12,NODE,2193296801,
3270160726165,4.3,False,,EUR,,2022-08-27,NODE,2193296801,
3270160202621,7.65,False,,EUR,,2022-08-06,NODE,2193296801,
3270160168125,6.99,False,,EUR,,2022-10-15,NODE,1917523409,
3270160399727,6.5,False,,EUR,,2022-10-15,NODE,1917523409,
3596710393688,1.99,False,,EUR,,2024-09-14,WAY,872934393,
3367651008456,5.79,False,,EUR,,2024-09-14,WAY,872934393,
3242274030056,3.56,False,,EUR,,2024-09-14,WAY,872934393,
3242272890959,2.13,False,,EUR,,2024-09-14,WAY,872934393,
3302740082481,3.63,False,,,,,NODE,7502836286,
3760109520133,8.14,False,,EUR,,2024-09-17,WAY,65403813,
3760109520140,6.43,False,,EUR,,2024-09-17,WAY,65403813,
0217638030044,4.58,False,,EUR,,2024-09-17,WAY,71364000,
3302740059100,4.17,False,,EUR,,2024-09-17,WAY,71364000,
3024720027748,3.24,False,,EUR,,2024-09-17,WAY,71364000,
3154230809685,2.41,True,,EUR,,2024-09-19,WAY,872934393,
3256224622567,1.87,False,,EUR,,2024-09-19,NODE,9396525327,
3266980033613,1.99,False,,EUR,,2024-09-19,NODE,4556169093,
7037204651922,75.9,False,,NOK,,2024-05-25,NODE,3930752683,
7039610001629,79.9,False,,NOK,,2024-05-25,NODE,3930752683,
3166352968591,3.19,True,,EUR,,2024-08-29,NODE,6208181996,
3302740606106,3.87,False,,EUR,,2024-08-26,NODE,6208181996,
3760109520218,1.49,False,,EUR,,2024-09-23,WAY,65403813,
3760109520201,1.48,False,,EUR,,2024-09-23,WAY,65403813,
3564700009321,1.99,False,,EUR,,2024-09-23,WAY,65403813,
3450970124072,1.79,False,,EUR,,2024-09-23,WAY,65403813,
3104544071506,14.5,False,,EUR,,2024-09-23,WAY,65403813,
3104544071506,8.9,True,,EUR,,2021-10-19,WAY,65403813,
2860050053467,8.15,False,,EUR,,2024-09-23,WAY,65403813,
2644192056742,8.65,False,,EUR,,2024-09-23,WAY,65403813,
2644188023291,3.55,False,,EUR,,2024-09-23,WAY,65403813,
0226015012733,1.94,False,,EUR,,2024-09-23,WAY,65403813,
3256229033023,3.84,False,,EUR,,2024-09-24,NODE,6208181996,
3256229033016,2.85,False,,EUR,,2024-09-24,NODE,6208181996,
3038352880305,3.29,False,,EUR,,2024-09-24,NODE,6208181996,
3375644009908,5.35,False,,EUR,,2024-09-24,NODE,6208181996,
3256221923339,3.54,False,,EUR,,2024-09-24,NODE,6208181996,
3256225736102,4.23,False,,EUR,,2024-09-24,NODE,6208181996,
3256225736119,1.57,False,,EUR,,2024-09-24,NODE,6208181996,
3256225733828,1.66,False,,EUR,,2024-09-24,NODE,6208181996,
3256225733835,2.75,False,,EUR,,2024-09-24,NODE,6208181996,
3375644009335,7.73,False,,EUR,,2024-09-24,NODE,6208181996,
3256229542839,3.84,False,,EUR,,2024-09-24,NODE,6208181996,
3256224658917,2.19,False,,EUR,,2024-09-25,NODE,2326881369,
3049580545560,2.4,False,,EUR,,2024-09-25,NODE,1432974607,
3261055930439,2.7,False,,EUR,,2024-09-25,NODE,1432974607,
3049580543405,3.9,False,,EUR,,2024-09-25,NODE,1432974607,
3263851611222,2.05,False,,EUR,,2024-09-25,NODE,1432974607,
3263851611314,2.89,False,,EUR,,2024-09-25,NODE,1432974607,
3263858055616,3.15,False,,EUR,,2024-09-25,NODE,1432974607,
3616096936818,3.5,False,,EUR,,2024-09-25,NODE,1432974607,
4099200042992,3.98,False,,EUR,,2024-09-13,WAY,26401485,
3248830692287,5.6,False,,EUR,,2024-09-26,NODE,6208181996,
3166359678103,4.68,False,,EUR,,2024-09-26,NODE,6208181996,
7037610209939,46.83,True,66.9,NOK,,2024-09-26,NODE,283093676,
7037610230322,39.13,True,55.9,NOK,,2024-09-26,NODE,283093676,
7037610230322,39.13,True,55.9,NOK,,2024-09-26,NODE,283093676,
3580282110729,3.2,False,,EUR,,2024-09-27,NODE,546921135,
3660088100466,4.5,False,,EUR,,2024-09-27,NODE,546921135,
2006050138258,2.99,False,,EUR,,2024-09-28,WAY,856515352,
3256227752780,3.35,False,,EUR,,2024-09-30,NODE,6208181996,
3256229292703,1.6,False,,EUR,,2024-09-30,NODE,6208181996,
3256220061087,1.77,False,,EUR,,2024-09-30,NODE,6208181996,
3256229544031,2.81,False,,EUR,,2024-09-30,NODE,6208181996,
3256220061056,3.15,False,,EUR,,2024-09-30,NODE,6208181996,
3256220061049,1.99,False,,EUR,,2024-09-30,NODE,6208181996,
3447574603102,10.5,False,,EUR,,2024-09-30,NODE,1789265812,
3256226157470,3.21,False,,EUR,,2024-10-01,NODE,6208181996,
3256228433763,3.1,False,,EUR,,2024-10-01,NODE,6208181996,
3375220201771,4.69,False,,EUR,,2024-10-01,NODE,6208181996,
3375220201733,4.89,False,,EUR,,2024-10-01,NODE,6208181996,
3375220201788,8.99,False,,EUR,,2024-10-01,NODE,6208181996,
3375220201740,4.79,False,,EUR,,2024-10-01,NODE,6208181996,
8005153003023,2.85,False,,EUR,,2024-09-05,WAY,79098930,
3256227087806,3.41,False,,EUR,,2023-12-22,WAY,79098930,
3256227087806,3.41,False,,EUR,,2024-01-06,WAY,79098930,
3368954600255,3.61,False,,EUR,,2023-05-13,WAY,79098930,
0226015011743,1.79,False,,EUR,,2024-10-02,WAY,65403813,
0226015011484,1.75,False,,EUR,,2024-10-02,WAY,65403813,
0226015012597,1.92,False,,EUR,,2024-10-02,WAY,65403813,
3266980373382,2.69,False,,EUR,,2024-10-04,NODE,5204546241,
3266980373474,2.49,False,,EUR,,2024-10-04,NODE,5204546241,
3436598134549,6.19,False,,EUR,,2024-10-04,NODE,5204546241,
3245360004085,3.99,False,,EUR,,2024-10-04,NODE,5204546241,
3661112079154,3.69,False,,EUR,,2024-09-25,WAY,977490397,
3596710303632,2.75,False,,EUR,,2024-10-07,NODE,4895707224,
3596710438143,3.73,False,,EUR,,2024-10-07,NODE,4895707224,
3596710468928,2.89,False,,EUR,,2024-10-07,NODE,4895707224,
3596710468935,2.55,False,,EUR,,2024-10-07,NODE,4895707224,
3596710493173,3.55,False,,EUR,,2024-10-07,NODE,4895707224,
3248830001485,3.79,False,,EUR,,2024-10-07,NODE,4895707224,
3760298510588,6.55,False,,EUR,,2024-10-07,NODE,4895707224,
3254566709441,2.0,False,,EUR,,2024-10-07,NODE,4895707224,
3256228120489,1.95,False,,EUR,,2024-10-07,NODE,6208181996,
3256228120502,2.12,False,,EUR,,2024-10-07,NODE,6208181996,
3266980959562,2.98,False,,EUR,,2024-10-07,NODE,6208181996,
3266980499501,2.95,False,,EUR,,2024-10-07,NODE,6208181996,
3266980886882,2.9,False,,EUR,,2024-10-07,NODE,6208181996,
3266980138721,2.6,False,,EUR,,2024-10-07,NODE,6208181996,
3266980031183,2.45,False,,EUR,,2024-10-07,NODE,6208181996,
3596690773098,3.79,False,,EUR,,2024-10-07,NODE,6208181996,
3256228120519,2.18,False,,EUR,,2024-10-07,NODE,6208181996,
2214042050574,7.91,False,,EUR,,2024-09-17,WAY,1099978650,
2644188023291,8.49,False,,EUR,,2024-10-08,WAY,65403813,
3024720027748,3.02,False,,EUR,,2024-10-07,WAY,236106510,
0217599105812,16.13,False,,EUR,,2024-10-08,WAY,65403813,
3564700817926,1.99,False,,EUR,,2024-10-12,WAY,1234038503,
3266140057824,5.05,False,,EUR,,2024-10-14,WAY,872934393,
3254560232532,4.89,False,,EUR,,2024-10-14,NODE,635820286,
3505625001892,3.3,False,,EUR,,2024-10-14,NODE,635820286,
3505625001373,3.99,False,,EUR,,2024-10-14,NODE,635820286,
3254560289307,4.49,False,,EUR,,2024-10-14,NODE,635820286,
3254560231696,4.89,False,,EUR,,2024-10-14,NODE,635820286,
3254560341364,4.45,False,,EUR,,2024-10-14,NODE,635820286,
3273230261917,5.24,False,,EUR,,2024-10-14,NODE,635820286,
3273230261924,5.24,False,,EUR,,2024-10-14,NODE,635820286,
3095757697105,2.85,False,,EUR,,2024-10-15,NODE,823756245,
3095758049019,2.99,False,,EUR,,2024-10-15,NODE,823756245,
5413458060185,17.39,True,,EUR,,2024-10-16,WAY,65403813,
3760109520133,8.14,False,,EUR,,2024-10-16,WAY,65403813,
3760109520140,6.43,False,,EUR,,2024-10-16,WAY,65403813,
3560071519308,1.45,False,,EUR,,2024-10-16,NODE,2318078823,
3760164970218,7.15,False,,EUR,,2024-10-16,NODE,11030355735,
3760164970201,7.0,False,,EUR,,2024-10-16,NODE,11030355735,
3596710447121,2.24,False,,EUR,,2024-10-16,NODE,4895707224,
3596710464807,1.79,False,,EUR,,2024-10-16,NODE,4895707224,
3596710476077,1.73,False,,EUR,,2024-10-16,NODE,4895707224,
3038359004582,1.63,False,,EUR,,2024-10-16,NODE,4895707224,
3596710467426,1.98,False,,EUR,,2024-10-16,NODE,4895707224,
3291310478307,3.89,False,,EUR,,2024-10-16,NODE,4895707224,
3291310478574,3.49,False,,EUR,,2024-10-16,NODE,4895707224,
3596710464838,2.24,False,,EUR,,2024-10-16,NODE,4895707224,
3302740447020,4.31,False,,EUR,,2024-10-16,NODE,4895707224,
3302740057465,3.76,False,,EUR,,2024-10-16,NODE,4895707224,
3302746964026,4.68,False,,EUR,,2024-10-16,NODE,4895707224,
3248830001645,4.89,False,,EUR,,2024-10-16,NODE,4895707224,
3302740606106,3.89,False,,EUR,,2024-10-16,NODE,4895707224,
3449865294020,2.13,False,,EUR,,2024-10-16,NODE,4895707224,
3596710473588,2.99,False,,EUR,,2024-10-16,NODE,4895707224,
3596710055951,1.45,False,,EUR,,2024-10-16,NODE,4895707224,
3596710461707,2.19,False,,EUR,,2024-10-16,NODE,4895707224,
3596710461721,4.14,False,,EUR,,2024-10-16,NODE,4895707224,
3449860419831,6.44,False,,EUR,,2024-10-16,NODE,4895707224,
3449865343025,3.9,False,,EUR,,2024-10-16,NODE,4895707224,
3256224360599,3.19,False,,EUR,,2024-10-17,NODE,6208181996,
3256228942180,3.19,False,,EUR,,2024-10-17,NODE,6208181996,
2644158062787,9.57,False,,EUR,,2024-10-16,WAY,65403813,
2272700136244,20.77,False,,EUR,,2024-10-16,WAY,65403813,
2272700133298,20.32,False,,EUR,,2024-10-16,WAY,65403813,
3266140057824,3.3,False,,EUR,,2024-10-18,WAY,204128538,
3250392878894,4.7,False,,EUR,,2024-10-19,WAY,121781581,
3388340012363,5.79,False,,EUR,,2024-10-19,WAY,121781581,
3181238930165,4.79,False,,EUR,,2024-10-19,WAY,121781581,
3250391327249,4.25,False,,EUR,,2024-10-19,WAY,121781581,
3250390316183,3.29,False,,EUR,,2024-10-19,WAY,121781581,
3265980790847,4.75,False,,EUR,,2024-10-19,WAY,121781581,
3250392654054,1.79,False,,EUR,,2024-10-20,WAY,71133895,
3250391256419,1.92,False,,EUR,,2024-10-20,WAY,71133895,
3449865302657,2.85,False,,EUR,,2024-10-20,WAY,71133895,
3256229032910,3.15,False,,EUR,,2024-10-21,NODE,6208181996,
3256229032934,4.57,False,,EUR,,2024-10-21,NODE,6208181996,
3256228125538,4.75,False,,EUR,,2024-10-21,NODE,6208181996,
3256228125521,3.03,False,,EUR,,2024-10-21,NODE,6208181996,
3256228989819,2.78,False,,EUR,,2024-10-22,NODE,6208181996,
3256228581563,1.71,False,,EUR,,2024-10-22,NODE,6208181996,
5762385060028,2.41,False,,EUR,,2024-10-22,NODE,6208181996,
3047360801066,2.69,False,,EUR,,2024-10-22,NODE,6208181996,
3256229771413,2.4,False,,EUR,,2024-10-22,NODE,6208181996,
3256229771420,3.76,False,,EUR,,2024-10-22,NODE,6208181996,
4056489676997,1.99,False,,EUR,,2024-10-23,NODE,935446487,
3416957701223,4.49,False,,EUR,,2024-10-23,NODE,935446487,
3256224658917,2.05,False,,EUR,,2024-10-23,NODE,2326881369,
3450970124072,1.79,False,,EUR,,2024-10-24,WAY,65403813,
3450970123914,1.79,False,,EUR,,2024-10-24,WAY,65403813,
3564700009321,1.89,False,,EUR,,2024-10-24,WAY,65403813,
7039610001629,79.9,False,,NOK,,2024-05-25,NODE,3930752683,
7037204651922,75.9,False,,NOK,,2024-05-25,NODE,3930752683,
0226015012337,1.88,False,,EUR,,2024-10-24,WAY,65403813,
2614145035551,5.42,True,,EUR,,2024-10-24,WAY,65403813,
2614145040739,6.21,True,,EUR,,2024-10-24,WAY,65403813,
4251097402970,59.9,False,,NOK,,2024-05-25,NODE,3930752683,
4251097402970,59.9,False,,NOK,,2024-05-25,NODE,3930752683,
3256229540521,1.95,False,,EUR,,2024-10-26,WAY,374119458,
3256220031141,2.93,False,,EUR,,2024-10-26,WAY,374119458,
8852018511083,1.99,False,,EUR,,2024-10-26,WAY,374119458,
3302740031038,4.42,False,,EUR,,2024-10-26,WAY,374119458,
3507000300972,4.19,False,,EUR,,2024-10-26,WAY,374119458,
3302740447020,4.39,False,,EUR,,2024-10-26,WAY,374119458,
3302741859105,4.45,False,,EUR,,2024-10-26,WAY,374119458,
3302740058677,6.39,False,,EUR,,2024-10-26,WAY,374119458,
3302740368103,4.52,False,,EUR,,2024-10-26,WAY,374119458,
3302740484100,4.0,False,,EUR,,2024-10-26,WAY,374119458,
3302740044427,4.69,False,,EUR,,2024-10-26,WAY,374119458,
3302740057465,4.05,False,,EUR,,2024-10-26,WAY,374119458,
3302740057472,4.78,False,,EUR,,2024-10-26,WAY,374119458,
3302746964026,4.53,False,,EUR,,2024-10-26,WAY,374119458,
3302740044786,5.26,False,,EUR,,2024-10-26,WAY,374119458,
3302740030925,4.56,False,,EUR,,2024-10-26,WAY,374119458,
4335619110670,4.99,False,,EUR,,2024-10-26,WAY,555568914,
3248832940539,4.38,False,,EUR,,2024-10-26,WAY,374119458,
3366760015119,3.4,False,,EUR,,2024-10-26,WAY,374119458,
3366760015096,3.79,False,,EUR,,2024-10-26,WAY,374119458,
3242278010115,3.95,False,,EUR,,2024-10-26,WAY,374119458,
3256220122337,3.56,False,,EUR,,2024-10-26,WAY,374119458,
3166352940054,3.9,False,,EUR,,2024-10-26,WAY,374119458,
2860050040672,6.2,False,,EUR,,2024-10-02,WAY,65403813,
3250392654023,1.79,False,,EUR,,2024-10-26,WAY,71133895,
7039010132435,13.9,False,,NOK,,2024-05-25,NODE,3930752683,
3450160001978,3.0,False,,EUR,,2024-10-31,NODE,5768366754,
3449865328688,5.5,False,,EUR,,2024-10-31,NODE,5768366754,
0212529051894,7.91,False,,EUR,,2024-10-29,WAY,65403813,
0227083027094,4.13,False,,EUR,,2024-10-29,WAY,65403813,
3531940407002,7.99,False,,EUR,,2024-10-29,WAY,65403813,
3034910072021,8.49,False,,EUR,,2024-10-31,NODE,6208181996,
3256224129004,3.35,False,,EUR,,2024-10-31,NODE,6208181996,
3256224390350,5.46,False,,EUR,,2024-10-31,NODE,6208181996,
3256224390466,5.78,False,,EUR,,2024-10-31,NODE,6208181996,
3165950217803,3.14,False,,EUR,,2024-10-31,NODE,6208181996,
3256228989819,2.78,False,,EUR,,2024-10-31,NODE,6208181996,
3256223372531,3.49,False,,EUR,,2024-10-31,NODE,6208181996,
3700116100164,2.95,False,,EUR,,2024-10-31,NODE,6208181996,
4251097411491,1.79,False,,EUR,,2024-11-02,NODE,10083789611,
5413458017578,9.72,False,,EUR,,2024-11-05,WAY,65403813,
3564709170657,4.49,False,,EUR,,2024-11-05,WAY,65403813,
3564709164601,1.95,False,,EUR,,2024-11-05,WAY,65403813,
3250392209780,3.06,False,,EUR,,2024-11-06,WAY,70360344,
3154230806615,4.4,False,,EUR,,2024-11-07,WAY,292053265,
3560071535780,1.55,False,,EUR,,2024-11-08,WAY,4039589,
3024720026895,2.79,False,,EUR,,2024-11-10,WAY,72814980,
3154230810131,2.89,False,,EUR,,2024-11-10,WAY,72814980,
3838975566507,1.0,True,1.49,EUR,,2024-10-31,RELATION,2145268,
3838975566514,1.0,True,1.49,EUR,,2024-10-31,RELATION,2145268,
3498940009486,6.75,False,,EUR,,2024-11-11,WAY,872934393,
3302748427024,3.09,False,,EUR,,2024-11-06,WAY,42632392,
3760109520133,8.14,False,,EUR,,2024-11-12,WAY,65403813,
3760109520102,6.46,False,,EUR,,2024-11-12,WAY,65403813,
3564709019871,2.39,False,,EUR,,2024-11-12,WAY,65403813,
3350033776029,4.89,False,,EUR,,2024-11-16,WAY,793527232,
3256229540538,1.98,False,,EUR,,2024-11-21,WAY,374119458,
3281780065206,3.93,False,,EUR,,2024-11-21,WAY,374119458,
3367651008470,6.29,False,,EUR,,2024-11-21,WAY,374119458,
3281780085105,2.19,False,,EUR,,2024-11-21,WAY,374119458,
4000789177173,4.79,True,6.49,EUR,,2024-11-22,WAY,313268017,
3564709019888,2.79,False,,EUR,,2023-11-25,WAY,68444156,
3564700009321,1.97,False,,EUR,,2023-11-25,WAY,68444156,
3564709001777,3.31,False,,EUR,,2023-11-25,WAY,68444156,
3366760023015,3.59,False,,EUR,,2023-11-25,WAY,68444156,
3760051585174,9.71,False,,EUR,,2024-02-24,WAY,175761843,
3564700602706,2.99,False,,EUR,,2024-01-29,WAY,175761843,
3564700009321,1.97,False,,EUR,,2024-01-11,WAY,175761843,
3266980035297,3.44,False,,EUR,,2024-01-11,WAY,175761843,
3266980562243,4.5,False,,EUR,,2023-10-22,WAY,175761843,
3450970163569,4.59,False,,EUR,,2023-10-03,WAY,175761843,
3181450100599,3.39,False,,EUR,,2023-08-31,WAY,175761843,
3275461001638,2.94,False,,EUR,,2023-08-31,WAY,175761843,
3450970124072,1.99,False,,EUR,,2023-08-31,WAY,175761843,
3700212514131,8.9,False,,EUR,,2023-08-05,WAY,175761843,
3450970163569,4.59,False,,EUR,,2023-07-16,WAY,175761843,
3302740047114,2.35,False,,EUR,,2023-07-16,WAY,175761843,
3266980283353,3.94,False,,EUR,,2023-06-16,WAY,175761843,
3302740047114,2.31,False,,EUR,,2023-04-15,WAY,175761843,
3564709158808,3.9,False,,EUR,,2023-04-04,WAY,175761843,
8420878595262,3.17,False,,EUR,,2023-03-15,WAY,175761843,
8437013039239,3.49,False,,EUR,,2023-03-15,WAY,175761843,
3268750008791,1.2,False,,EUR,,2023-01-25,WAY,175761843,
3661112504557,1.48,False,,EUR,,2023-01-25,WAY,175761843,
3275461000914,6.08,False,,EUR,,2023-01-16,WAY,175761843,
3564700009345,1.97,False,,EUR,,2022-12-22,WAY,175761843,
3181450100599,3.19,False,,EUR,,2022-12-22,WAY,175761843,
3564706620209,1.17,False,,EUR,,2022-12-14,WAY,175761843,
3154230805311,1.94,False,,EUR,,2022-12-14,WAY,175761843,
8437013039239,2.69,False,,EUR,,2022-11-29,WAY,175761843,
3700468419310,6.3,False,,EUR,,2022-10-17,WAY,175761843,
3760109520287,2.66,False,,EUR,,2022-09-09,WAY,175761843,
8437013039239,2.8,False,,EUR,,2022-07-13,WAY,175761843,
3661112035600,2.98,False,,EUR,,2022-06-20,WAY,175761843,
3266980035297,2.93,False,,EUR,,2022-06-20,WAY,175761843,
3266980034627,5.23,False,,EUR,,2022-06-20,WAY,175761843,
3661112069339,1.43,False,,EUR,,2022-05-17,WAY,175761843,
3333681030439,4.74,False,,EUR,,2022-05-17,WAY,175761843,
3230890050343,7.5,False,,EUR,,2022-03-24,WAY,175761843,
3564700009338,1.95,False,,EUR,,2022-03-24,WAY,175761843,
3564700009321,1.85,False,,EUR,,2022-03-24,WAY,175761843,
3564700412039,1.55,False,,EUR,,2022-03-14,WAY,175761843,
8414169224009,2.38,False,,EUR,,2022-03-14,WAY,175761843,
3095759480019,1.81,False,,EUR,,2022-02-15,WAY,175761843,
3435660727276,8.74,False,,EUR,,2022-02-11,WAY,175761843,
8420878595262,2.94,False,,EUR,,2022-02-11,WAY,175761843,
3564700009338,1.94,False,,EUR,,2021-12-27,WAY,175761843,
3564709160566,7.02,False,,EUR,,2021-12-04,WAY,175761843,
3275461006381,5.34,False,,EUR,,2021-11-20,WAY,175761843,
3760109520188,1.67,False,,EUR,,2021-11-16,WAY,175761843,
3432770021461,2.5,False,,EUR,,2021-10-19,WAY,175761843,
3564700423615,2.4,False,,EUR,,2021-09-29,WAY,175761843,
3242275050053,3.08,False,,EUR,,2021-09-27,WAY,175761843,
3661112092122,4.69,False,,EUR,,2021-08-24,WAY,175761843,
3435660727375,3.3,False,,EUR,,2021-08-18,WAY,175761843,
3661112069339,1.35,False,,EUR,,2021-07-28,WAY,175761843,
3242010006604,3.84,False,,EUR,,2021-07-28,WAY,175761843,
3275411809000,1.59,False,,EUR,,2021-07-01,WAY,175761843,
3302740047176,3.79,False,,EUR,,2021-06-01,WAY,175761843,
3760051587369,7.8,False,,EUR,,2021-06-01,WAY,175761843,
3661112801120,2.77,False,,EUR,,2021-05-31,WAY,175761843,
3760109528320,3.98,False,,EUR,,2021-05-10,WAY,175761843,
3180940079506,1.49,False,,EUR,,2021-05-05,WAY,175761843,
3302740050817,4.45,False,,EUR,,2021-04-27,WAY,175761843,
3760109520195,2.5,False,,EUR,,2021-04-19,WAY,175761843,
3661112069339,1.35,False,,EUR,,2021-04-09,WAY,175761843,
3661112069339,1.35,False,,EUR,,2021-03-19,WAY,175761843,
3564709001524,3.32,False,,EUR,,2021-03-19,WAY,175761843,
3242272502050,1.86,False,,EUR,,2021-02-23,WAY,175761843,
3242010006604,2.0,False,,EUR,,2021-01-21,WAY,175761843,
3242273050055,4.72,False,,EUR,,2021-01-14,WAY,175761843,
3564709043555,3.59,False,,EUR,,2023-02-02,WAY,353622139,
3564706620209,1.09,False,,EUR,,2022-05-23,WAY,353622139,
3531940166008,4.95,False,,EUR,,2024-11-20,WAY,65403813,
3564700009321,1.89,False,,EUR,,2024-11-20,WAY,65403813,
3450970123914,1.79,False,,EUR,,2024-11-20,WAY,65403813,
3450970124072,1.79,False,,EUR,,2024-11-20,WAY,65403813,
3564700009338,1.99,False,,EUR,,2024-11-20,WAY,65403813,
3760294961094,5.01,False,,EUR,,2024-04-22,NODE,8138785201,
3760294961087,5.8,False,,EUR,,2024-04-22,NODE,8138785201,
3760294961100,2.24,False,,EUR,,2024-04-22,NODE,8138785201,
3483190093972,3.18,False,,EUR,,2024-04-22,NODE,8138785201,
3760294961117,2.24,False,,EUR,,2024-04-22,NODE,8138785201,
3483190093965,3.18,False,,EUR,,2024-04-22,NODE,8138785201,
3760108730366,3.11,False,,EUR,,2024-04-22,NODE,8138785201,
3263670790214,4.83,False,,EUR,,2024-04-22,NODE,8138785201,
3507170903218,3.37,False,,EUR,,2024-04-22,NODE,8138785201,
3263670455014,3.4,False,,EUR,,2024-04-22,NODE,8138785201,
8021115291338,3.34,False,,EUR,,2024-04-22,NODE,8138785201,
3700248101695,2.75,False,,EUR,,2024-04-22,NODE,8138785201,
3425472103030,5.02,False,,EUR,,2024-04-22,NODE,8138785201,
3425476103128,5.3,False,,EUR,,2024-04-22,NODE,8138785201,
